	Group	SB081213TAWMD03VV4TM	SB081213TAWMD05VV4TM	SB081213TAWMD07VV4TM	SB081213TAWMD09VV4TM	SB081213TAWMD11VV4TM	SB081213TAWMD13VV4TM	SB081213TAWMD15VV4TM	SB081213TAWMD17VV4TM	SB081213TAWMD20VV4TM	SB081213TAWMD21VV4TM	SB081213TAWMD22VV4TM	Kingdom	Phylum	Class	Order	Family	Genus
Bin 40	Bin 40	0.0	0.018473859871985219	0.92143201373433137	0.019756766807539752	0.0	0.012509309636934718	0.02015670135829966	0.00767134859090912	0.0	0.0	0.0	Bacteria	Proteobacteria	Alphaproteobacteria	Rhodospirillales	Rhodospirillaceae	Magnetospirillum
seq3552	Bin 40	0.0011161887053186955	0.0	0.91385298663761083	0.039846133741054973	0.0067280122100758588	0.022919845377094999	0.0	0.0091299009342400532	0.00097038432501597802	0.0022573005019317334	0.0031792475676571544	Bacteria	Proteobacteria	Alphaproteobacteria	Rhodospirillales	Rhodospirillaceae	Magnetospirillum
Bin 29	Bin 29	0.93045622688039453	0.069543773119605384	0.0	0.0	0.0	0.0	0.0	0.0	0.0	0.0	0.0	Bacteria	Cyanobacteria/Chloroplast	Cyanobacteria	Family II		
seq3715	Bin 29	0.88223780510020322	0.0	0.033649821409617135	0.014308195106187201	0.024340091085977403	0.014219695476629355	0.0	0.0	0.01217450362988181	0.0053943306783161924	0.013675557513187851	Bacteria	Cyanobacteria/Chloroplast	Cyanobacteria	Family II	Family II	GpIIa
Bin 78	Bin 78	0.0	0.0	0.0	0.0	0.0	0.27105187259111085	0.17305412505664222	0.10349726123242289	0.18449364005569505	0.14442934639530081	0.12347375466882805	Bacteria	Proteobacteria	Gammaproteobacteria	Methylococcales	Methylococcaceae	
seq172	Bin 78	0.00012338197622442274	0.0	0.00083481553350466951	0.011158830762378096	0.062053646234166537	0.276203320493844	0.14804079626350414	0.091424684518131627	0.16180919065879926	0.1316766773382842	0.11667465622116314	Bacteria	Proteobacteria	Gammaproteobacteria	Methylococcales	Methylococcaceae	Methylobacter
seq79	Bin 78	0.0	0.058815954367729281	0.0052314166010329821	0.00048406878619266396	0.00060740358691157171	0.25981013618382492	0.17191145092248664	0.14209616167686412	0.12502602535121204	0.12871160966352266	0.10730577286022305	Bacteria	Proteobacteria	Gammaproteobacteria	Methylococcales	Methylococcaceae	
seq40	Bin 78	0.0	0.0	0.00015119236267630972	0.0	0.0	0.25308054937407981	0.2229943497216903	0.14683423811845051	0.13181831473616218	0.13760424780990535	0.10751710787703542	Bacteria	Proteobacteria	Gammaproteobacteria	Methylococcales	Methylococcaceae	
Bin 86	Bin 86	0.93451809653549645	0.065481903464503513	0.0	0.0	0.0	0.0	0.0	0.0	0.0	0.0	0.0	Bacteria	Bacteroidetes				
seq310	Bin 86	0.98459238456346976	0.0	0.0021394027298315531	0.0016434414667074694	0.0029637773021906344	0.0013269653059967918	0.0	0.00044188512742753585	0.00097380891541615417	0.0011326333787998314	0.0047857012101602363	Bacteria	Bacteroidetes	Sphingobacteriia	Sphingobacteriales	Chitinophagaceae	Terrimonas
seq1446	Bin 86	0.97808994614100075	0.0	0.0097600623092472995	0.0073921170698122759	0.0029445734527448063	0.0018133010271948668	0.0	0.0	0.0	0.0	0.0	Bacteria	Bacteroidetes	Flavobacteriia	Flavobacteriales		
seq1549	Bin 86	0.99132730981903439	0.0	0.0013014526139158739	0.0012025995252975667	0.0015371483649342941	0.0016983095709389873	0.0	0.0	0.0	0.00048319829184375273	0.0024499818140351817	Bacteria	Bacteroidetes	Cytophagia	Cytophagales	Cyclobacteriaceae	Algoriphagus
Bin 73	Bin 73	0.0047413847929389467	0.89303410793907523	0.019956276292668391	0.0	0.0	0.012598026177218427	0.020299653516327662	0.012876256852935121	0.013173108488756483	0.011031934914263885	0.01228925102581602	Bacteria	Proteobacteria	Betaproteobacteria			
seq1088	Bin 73	0.0021171397196012636	0.93591313904783302	0.020425573353495301	0.0016915214535350414	0.0023897322857210752	0.014064922646280995	0.0061754041737335048	0.0066903754116732165	0.0035728985716857067	0.0035539684224592583	0.0034053249139816564	Bacteria	Proteobacteria	Betaproteobacteria	Rhodocyclales	Rhodocyclaceae	
Bin 82	Bin 82	0.90577953884031159	0.028720956873330827	0.023105366798097483	0.007678866941828036	0.0076334298593320107	0.0097239923082445487	0.0	0.0029816247601551086	0.0076259092387809474	0.0031931921936314612	0.0035571221862879883	Bacteria	Actinobacteria	Actinobacteria	Actinomycetales		
seq1118	Bin 82	0.83847824074860033	0.0	0.0016005115144659492	0.0013451091460729347	0.010516650388720513	0.011352087101426689	0.0	0.011575576698205196	0.044431259116287265	0.04521809725498574	0.035482468031235524	Bacteria	Actinobacteria	Actinobacteria	Actinomycetales		
seq1249	Bin 82	0.98402707431024694	0.0	0.0033541773878474367	0.0063201999258015226	0.0037155064541690049	0.0	0.0	0.0	0.0014549091346584353	0.0011281327872766542	0.0	Bacteria	Actinobacteria	Actinobacteria	Actinomycetales	Geodermatophilaceae	Blastococcus
Bin 34	Bin 34	0.0	0.0	0.0	0.0	0.0	0.0	0.0	0.54747526534155899	0.16385812469440897	0.14969936684502708	0.13896724311900494	Bacteria	Proteobacteria				
seq270	Bin 34	0.0	0.0	0.0	0.0	0.0	0.0	0.0	0.59547540205026117	0.13422966691645535	0.15782825726487507	0.11246667376840845	Bacteria	Proteobacteria	Deltaproteobacteria	Desulfobacterales		
Bin 33	Bin 33	0.021310986109463432	0.36236583987612658	0.13454547946720932	0.059620020663379819	0.02963361973801127	0.24537083881059332	0.03041345183637998	0.034724757797777464	0.029604424053540333	0.024792483840217358	0.027618097807300953	Bacteria	Proteobacteria	Betaproteobacteria	Burkholderiales	Comamonadaceae	
seq49	Bin 33	0.11306134818472918	0.35258193496154611	0.14187274462649788	0.10636556970408501	0.082461846842985478	0.093648207830723987	0.029899175996514163	0.026331300125312259	0.018646270606995204	0.018899024480970916	0.016232576639639923	Bacteria	Proteobacteria	Betaproteobacteria	Burkholderiales	Comamonadaceae	Acidovorax
Bin 8	Bin 8	0.56229726908823707	0.12978923105114271	0.11601392294621216	0.061689943153938227	0.061324913904506638	0.048824955008770203	0.0	0.0059883920164839899	0.0076580619087647473	0.0064133109219440742	0.0	Bacteria	Proteobacteria	Betaproteobacteria	Burkholderiales	Comamonadaceae	
seq789	Bin 8	0.57961549374188748	0.0	0.077421594226140797	0.1014569847440993	0.099372276767340811	0.047536928163322625	0.017241633432314191	0.028797416826443378	0.014212622248204528	0.014026002584939246	0.020319047265307436	Bacteria	Proteobacteria	Betaproteobacteria	Burkholderiales	Comamonadaceae	
seq233	Bin 8	0.52091187635752068	0.25907381720506517	0.07354266581354002	0.044901883578784094	0.052668589892486392	0.026801345119840912	0.01312313670591353	0.0044245514964714487	0.0014751359005901593	0.001143816569366252	0.0019331813604214145	Bacteria	Proteobacteria	Betaproteobacteria	Burkholderiales	Comamonadaceae	Comamonas
Bin 66	Bin 66	0.98263161784632058	0.017368382153679376	0.0	0.0	0.0	0.0	0.0	0.0	0.0	0.0	0.0	Bacteria	Proteobacteria	Betaproteobacteria			
seq386	Bin 66	0.99597992904828303	0.0	0.00055083141738158502	0.0	0.0	0.0013023099535785119	0.0	0.00074971559830763019	0.00047785764921612014	0.0	0.00093935633323324809	Bacteria	Proteobacteria	Betaproteobacteria			
seq1799	Bin 66	0.99851847025457563	0.0	0.0012968280655518878	0.0	0.00018470167987246836	0.0	0.0	0.0	0.0	0.0	0.0	Bacteria	Proteobacteria	Betaproteobacteria	Burkholderiales		
Bin 12	Bin 12	0.0	0.0	0.0	0.0	0.027031640195507564	0.34434777836990793	0.457759485942345	0.1267030038131495	0.020253756028259611	0.011307790081784109	0.012596545569046269	Bacteria	Bacteroidetes				
seq214	Bin 12	0.0	0.0	5.2859535507925035e-05	0.00086521779510464363	0.028347202009008556	0.37417157809345375	0.40276906732346079	0.13108003315867259	0.025588061209493359	0.021440990528219798	0.015684990347078737	Bacteria	Bacteroidetes	Cytophagia	Cytophagales	Flammeovirgaceae	Cesiribacter
Bin 27	Bin 27	0.0	0.1081677504683685	0.8411791579955562	0.019279899967741612	0.019165817719411778	0.012207373848921826	0.0	0.0	0.0	0.0	0.0	Bacteria	Bacteroidetes	Flavobacteriia	Flavobacteriales	Flavobacteriaceae	
seq57	Bin 27	0.0056772381963634457	0.096314626993191557	0.6648468575337001	0.042213766933528442	0.035245732798340465	0.12703854145225349	0.026400745244372734	0.00099539713260460337	0.00054840417901878629	0.0	0.00071868953662654735	Bacteria	Bacteroidetes	Flavobacteriia	Flavobacteriales	Flavobacteriaceae	Flavobacterium
Bin 83	Bin 83	0.97677100494233937	0.023228995057660611	0.0	0.0	0.0	0.0	0.0	0.0	0.0	0.0	0.0	Bacteria	Proteobacteria	Betaproteobacteria	Burkholderiales		
seq1799	Bin 83	0.99851847025457563	0.0	0.0012968280655518878	0.0	0.00018470167987246836	0.0	0.0	0.0	0.0	0.0	0.0	Bacteria	Proteobacteria	Betaproteobacteria	Burkholderiales		
Bin 62	Bin 62	0.0	0.0	0.0	0.0	0.0	0.44238939465064608	0.22033173678367832	0.15784483345764477	0.06307961632636172	0.063391891654710056	0.05296252712695905	Bacteria	Proteobacteria	Gammaproteobacteria	Methylococcales	Methylococcaceae	
seq172	Bin 62	0.00012338197622442274	0.0	0.00083481553350466951	0.011158830762378096	0.062053646234166537	0.276203320493844	0.14804079626350414	0.091424684518131627	0.16180919065879926	0.1316766773382842	0.11667465622116314	Bacteria	Proteobacteria	Gammaproteobacteria	Methylococcales	Methylococcaceae	Methylobacter
seq79	Bin 62	0.0	0.058815954367729281	0.0052314166010329821	0.00048406878619266396	0.00060740358691157171	0.25981013618382492	0.17191145092248664	0.14209616167686412	0.12502602535121204	0.12871160966352266	0.10730577286022305	Bacteria	Proteobacteria	Gammaproteobacteria	Methylococcales	Methylococcaceae	
seq40	Bin 62	0.0	0.0	0.00015119236267630972	0.0	0.0	0.25308054937407981	0.2229943497216903	0.14683423811845051	0.13181831473616218	0.13760424780990535	0.10751710787703542	Bacteria	Proteobacteria	Gammaproteobacteria	Methylococcales	Methylococcaceae	
Bin 70	Bin 70	0.015601838581335891	0.47956115157009688	0.18058545999740266	0.10912000198255754	0.065084592898472182	0.1036365847975044	0.033398672671584397	0.0084740340522664118	0.0	0.004537663448779621	0.0	Bacteria	Proteobacteria	Betaproteobacteria	Burkholderiales	Comamonadaceae	
seq49	Bin 70	0.11306134818472918	0.35258193496154611	0.14187274462649788	0.10636556970408501	0.082461846842985478	0.093648207830723987	0.029899175996514163	0.026331300125312259	0.018646270606995204	0.018899024480970916	0.016232576639639923	Bacteria	Proteobacteria	Betaproteobacteria	Burkholderiales	Comamonadaceae	Acidovorax
Bin 63	Bin 63	0.0	0.0	0.11551091167758065	0.30711234453959946	0.44840219535589443	0.11545649384858685	0.0097915373006046344	0.0037265172777339694	0.0	0.0	0.0	Bacteria	Proteobacteria				
seq1229	Bin 63	0.0	0.0	0.078557075670314516	0.30642175616960038	0.47052094254315646	0.12660332832714302	0.0	0.003168833889074932	0.0060593037536150387	0.0046983684889203908	0.0039703911581752491	Bacteria	Proteobacteria	Betaproteobacteria	Burkholderiales		
Bin 31	Bin 31	0.0	0.013999833190091075	0.090100418978615981	0.40424518336387988	0.3720862963244127	0.085318078900919372	0.015275121638581151	0.0058134900535123987	0.0	0.0062259984236461164	0.006935579126341079	Bacteria					
seq110	Bin 31	0.0	0.0	0.077265799241107741	0.36951891589457508	0.415960250463834	0.091549492714990868	0.031582654593823478	0.0082872278842839459	0.002953171844695561	0.0014311761406174881	0.0014513112220718367	Bacteria					
seq22916	Bin 31	0.0	0.0	0.11440010597909617	0.41913559239383319	0.37804355112670968	0.08650041656627401	0.0	0.0019203339340868114	0.0	0.0	0.0	Bacteria					
seq394	Bin 31	0.0	0.0	0.083685620562296045	0.43197352109427489	0.36359802040296091	0.087070316349739468	0.0	0.012012704055765376	0.010649593970329751	0.011010223564633614	0.0	Bacteria	Proteobacteria	Deltaproteobacteria	Bdellovibrionales	Bacteriovoracaceae	Bacteriovorax
Bin 44	Bin 44	0.015806290560715617	0.68225111297782659	0.033263984612849261	0.04421997954485915	0.021979161430580877	0.013999290006663953	0.045115120831192318	0.042925403872513514	0.032936260626515779	0.036777012690773957	0.030726382845508753	Bacteria					
seq147	Bin 44	0.0064742439809287637	0.66303360292660052	0.03463729095915704	0.062097962105223115	0.046370366609642	0.012782911502380631	0.016690893126967182	0.052234762943453673	0.035647375174774489	0.038066829668909896	0.031963761001962764	Bacteria					
Bin 14	Bin 14	0.0	0.0	0.0	0.0	0.0	0.23180180220058216	0.22825647549126143	0.15794747008360166	0.15148951933634108	0.12686622287655627	0.10363851001165739	Bacteria	Proteobacteria	Gammaproteobacteria			
seq40	Bin 14	0.0	0.0	0.00015119236267630972	0.0	0.0	0.25308054937407981	0.2229943497216903	0.14683423811845051	0.13181831473616218	0.13760424780990535	0.10751710787703542	Bacteria	Proteobacteria	Gammaproteobacteria	Methylococcales	Methylococcaceae	
Bin 56	Bin 56	0.0	0.0	0.0	0.0	0.0	0.0	0.0	0.01243588462794824	0.30216136620143791	0.29966172488385179	0.38574102428676216	Bacteria	Bacteroidetes				
seq301	Bin 56	0.0	0.0	0.00041949336772809272	0.0	0.0	0.0	0.0	0.0054861692139587647	0.28454766641961055	0.2958375132400724	0.41370915775863021	Bacteria	Bacteroidetes	Bacteroidia	Bacteroidales	Prolixibacteraceae	
seq1182	Bin 56	0.0	0.0	0.0	0.0	0.0050766271957143243	0.0	0.0	0.049229181783375799	0.29023245692760125	0.29595024379871271	0.35951149029459589	Bacteria	Bacteroidetes	Bacteroidia	Bacteroidales		
Bin 25	Bin 25	0.0	0.0	0.0	0.0	0.0	0.0	0.0	0.01775947068794655	0.18736679001170009	0.27578465166488608	0.51908908763546713	Bacteria	Proteobacteria				
seq106	Bin 25	0.0	0.0	0.0	9.5185727015210462e-05	0.00025091989518403893	0.00071406459107814133	0.0	0.028492558130198763	0.22133489083434782	0.28620680804074738	0.46290557278142863	Bacteria	Proteobacteria	Deltaproteobacteria			
seq303	Bin 25	0.0	0.0	0.00050623117526499989	0.0	0.0028579691602361569	0.0017952949238804557	0.0	0.034907189728771569	0.21936342527577987	0.28604368428147908	0.45452620545458783	Bacteria	Proteobacteria	Deltaproteobacteria	Syntrophobacterales	Syntrophaceae	
Bin 1	Bin 1	0.0	0.0	0.0	0.0	0.0	0.013123531754811079	0.16917135670979133	0.18510448333365273	0.22127696793284413	0.22409621550954631	0.18722744475935441	Bacteria					
seq3397	Bin 1	0.0	0.0	0.0	0.0	9.6627686259683068e-05	0.010181211828578354	0.15324566679299165	0.18594581878325939	0.22479772403124981	0.2322421735146753	0.19349077736298584	Bacteria	Gemmatimonadetes	Gemmatimonadetes	Gemmatimonadales	Gemmatimonadaceae	Gemmatimonas
seq450	Bin 1	0.0	0.0	0.0	0.0	0.0	0.0063567574563834764	0.16505346028537798	0.20432660845604458	0.20974469365103629	0.20395520464408301	0.21056327550707457	Bacteria					
Bin 77	Bin 77	0.0	0.041734177208846202	0.0	0.089264767918921073	0.17747314805181938	0.19781790277509642	0.182143494053183	0.086651469628536648	0.088649148829825081	0.07424000500187497	0.062025886531897369	Bacteria	Proteobacteria	Betaproteobacteria			
seq773	Bin 77	0.0	0.0	0.006002208798132817	0.078374939466061749	0.18864990365465426	0.24255004235072958	0.15204678969096566	0.12519977619921446	0.081800628748754461	0.067487388137329032	0.057888322954157981	Bacteria	Proteobacteria	Betaproteobacteria			
Bin 68	Bin 68	0.0	0.0	0.0	0.0	0.0	0.0	0.0	0.020625170951837919	0.25057042660799345	0.29819708794476557	0.4306073144954029	Bacteria					
seq106	Bin 68	0.0	0.0	0.0	9.5185727015210462e-05	0.00025091989518403893	0.00071406459107814133	0.0	0.028492558130198763	0.22133489083434782	0.28620680804074738	0.46290557278142863	Bacteria	Proteobacteria	Deltaproteobacteria			
seq301	Bin 68	0.0	0.0	0.00041949336772809272	0.0	0.0	0.0	0.0	0.0054861692139587647	0.28454766641961055	0.2958375132400724	0.41370915775863021	Bacteria	Bacteroidetes	Bacteroidia	Bacteroidales	Prolixibacteraceae	
seq303	Bin 68	0.0	0.0	0.00050623117526499989	0.0	0.0028579691602361569	0.0017952949238804557	0.0	0.034907189728771569	0.21936342527577987	0.28604368428147908	0.45452620545458783	Bacteria	Proteobacteria	Deltaproteobacteria	Syntrophobacterales	Syntrophaceae	
seq380	Bin 68	0.0	0.0	0.0	0.0	0.0025404326858020905	0.0	0.0	0.029750570183953808	0.23790574181244273	0.27630795814177839	0.45349529717602288	Bacteria	Firmicutes	Clostridia			
seq1786	Bin 68	0.0	0.0	0.0	0.0	0.0021023866112263798	0.0	0.0	0.030092429128773076	0.28444244132682112	0.27647152382681467	0.40689121910636467	Bacteria					
seq430	Bin 68	0.0	0.0	0.00051645486243115032	0.0	0.00079961185733616732	0.0	0.0	0.048482130112061858	0.23521852025413037	0.30015826297721998	0.41482501993682042	Bacteria	Bacteroidetes	Bacteroidia	Bacteroidales	Porphyromonadaceae	Paludibacter
seq8628	Bin 68	0.0	0.0	0.0	0.0	0.0	0.0	0.0	0.0	0.2738222792758303	0.3272242658044171	0.3989534549197527	Bacteria	Proteobacteria	Deltaproteobacteria	Syntrophobacterales	Syntrophobacteraceae	
seq252	Bin 68	0.0	0.0	0.0	0.0	0.0	0.0	0.0	0.021930797685809515	0.26934915625245409	0.30631720599883472	0.40240284006290167	Bacteria	Chloroflexi	Dehalococcoidia	Dehalococcoidales	Dehalococcoidaceae	Dehalococcoides
seq21562	Bin 68	0.0	0.0	0.0	0.0	0.001159795481121003	0.0	0.0	0.006117354543404137	0.26903868893893368	0.31745289876131844	0.40623126227522283	Bacteria	Proteobacteria				
seq11055	Bin 68	0.0	0.0	0.0	0.0	0.0	0.0	0.0	0.023200600190653037	0.23753101613816049	0.33459536842052151	0.4046730152506649	Bacteria					
Bin 36	Bin 36	0.0	0.0	0.0	0.0	0.0	0.012870131811546115	0.10369053564767917	0.22888607298746577	0.24223743657909061	0.22399551190821268	0.18832031106600569	Bacteria					
seq97	Bin 36	0.0	0.0	2.7470822743294405e-05	0.0	0.00098551646746700009	0.0089628558162258912	0.071493232516505995	0.2319949899032783	0.26052603450403911	0.23571670817530482	0.19029319179443557	Bacteria	Acidobacteria	Holophagae	Holophagales	Holophagaceae	Geothrix
seq340	Bin 36	0.00026715264301743389	0.0	0.00049800788235430178	0.00015000068710169183	0.00050381742190976477	0.010549459066969066	0.078875152302476367	0.23786137742784663	0.2468873787195148	0.22139083213460398	0.20301682171420596	Bacteria	Acidobacteria	Holophagae	Holophagales	Holophagaceae	Geothrix
Bin 35	Bin 35	0.87203521914720539	0.021934666387140693	0.035291896067668159	0.023457907108469917	0.023319102924396127	0.014852745204357837	0.0	0.0091084631607618177	0.0	0.0	0.0	Bacteria	Bacteroidetes				
seq310	Bin 35	0.98459238456346976	0.0	0.0021394027298315531	0.0016434414667074694	0.0029637773021906344	0.0013269653059967918	0.0	0.00044188512742753585	0.00097380891541615417	0.0011326333787998314	0.0047857012101602363	Bacteria	Bacteroidetes	Sphingobacteriia	Sphingobacteriales	Chitinophagaceae	Terrimonas
seq1446	Bin 35	0.97808994614100075	0.0	0.0097600623092472995	0.0073921170698122759	0.0029445734527448063	0.0018133010271948668	0.0	0.0	0.0	0.0	0.0	Bacteria	Bacteroidetes	Flavobacteriia	Flavobacteriales		
seq1549	Bin 35	0.99132730981903439	0.0	0.0013014526139158739	0.0012025995252975667	0.0015371483649342941	0.0016983095709389873	0.0	0.0	0.0	0.00048319829184375273	0.0024499818140351817	Bacteria	Bacteroidetes	Cytophagia	Cytophagales	Cyclobacteriaceae	Algoriphagus
Bin 3	Bin 3	0.0	0.72114151368294066	0.1338789698766148	0.029662337902556863	0.058973642220468081	0.056343536317419562	0.0	0.0	0.0	0.0	0.0	Bacteria	Bacteroidetes				
seq267	Bin 3	0.0	0.77740226782745836	0.04712858170202229	0.037003200277262956	0.048723609696232822	0.033239237673447927	0.0	0.026212049632635473	0.0097572003854992581	0.012861703585454711	0.0076721492199860993	Bacteria	Bacteroidetes				
seq997	Bin 3	0.073929177004227645	0.79393122859309218	0.084830926538417659	0.02575386221748506	0.018843315341308137	0.0	0.0	0.001233848408802068	0.00049823279467250904	0.0	0.00097940910199483238	Bacteria	Bacteroidetes	Flavobacteriia	Flavobacteriales	Cryomorphaceae	
Bin 39	Bin 39	0.0	0.0	0.0	0.0	0.0	0.0	0.097192969722926903	0.25893165585661132	0.2483447950506513	0.20797852060759991	0.18755205876221065	Bacteria					
seq97	Bin 39	0.0	0.0	2.7470822743294405e-05	0.0	0.00098551646746700009	0.0089628558162258912	0.071493232516505995	0.2319949899032783	0.26052603450403911	0.23571670817530482	0.19029319179443557	Bacteria	Acidobacteria	Holophagae	Holophagales	Holophagaceae	Geothrix
seq340	Bin 39	0.00026715264301743389	0.0	0.00049800788235430178	0.00015000068710169183	0.00050381742190976477	0.010549459066969066	0.078875152302476367	0.23786137742784663	0.2468873787195148	0.22139083213460398	0.20301682171420596	Bacteria	Acidobacteria	Holophagae	Holophagales	Holophagaceae	Geothrix
Bin 54	Bin 54	0.0	0.0	0.0	0.0	0.0	0.0	0.0	0.13055520245951499	0.36027413868241992	0.27963804091163447	0.22953261794643059	Bacteria					
seq157	Bin 54	0.0	0.0	0.00046996793082144304	0.00010900082654512953	0.00013387104831351352	0.0012265541233144601	0.022255541341821873	0.12249402297358522	0.33281974039782564	0.28825396998094177	0.23223733137683078	Bacteria					
seq8237	Bin 54	0.0	0.0	0.0	0.0	0.0	0.0	0.0	0.12417211962390109	0.37275083752681132	0.30468148324753225	0.19839555960175534	Bacteria					
seq3826	Bin 54	0.0	0.0	0.0	0.0	0.0	0.0046852178930812324	0.0	0.095778600052278562	0.35414506636766963	0.29193249654160919	0.25345861914536139	Bacteria	Proteobacteria	Deltaproteobacteria			
seq8324	Bin 54	0.0	0.0	0.0	0.0	0.00055878272058770926	0.010239364800799004	0.0	0.11303970767614765	0.34002102922247318	0.26656470377168467	0.26957641180830777	Bacteria	Bacteroidetes	Bacteroidia	Bacteroidales		
seq30042	Bin 54	0.0	0.0	0.0	0.0	0.0	0.0	0.0	0.10767304330588026	0.37580149202560703	0.28686604297714791	0.22965942169136491	Bacteria	SR1				
seq19793	Bin 54	0.0	0.0	0.0	0.0	0.00092669370307227935	0.0	0.0	0.098478092047097551	0.39877728896161263	0.28746949041606501	0.21434843487215238	Bacteria					
seq18391	Bin 54	0.0	0.0	0.0	0.0	0.0	0.0	0.0	0.10410918884019148	0.35413488309528535	0.29927799545434958	0.24247793261017372	Bacteria	Actinobacteria	Actinobacteria			
Bin 67	Bin 67	0.0	0.0	0.0	0.0	0.0	0.0	0.063618460783271893	0.10895519131064214	0.30963073524075202	0.27226811557989394	0.24552749708544011	Bacteria					
seq8	Bin 67	0.0	0.0	9.2696992583183785e-05	0.00046557186448222497	0.0063727090004248562	0.0078897601747956216	0.071578938266797662	0.10944366526998003	0.31748457342889602	0.25571700184495222	0.23095508315708829	Bacteria	Proteobacteria	Gammaproteobacteria	Methylococcales	Methylococcaceae	Methylobacter
Bin 21	Bin 21	0.0044662637606691057	0.099310150596696095	0.38536523582728477	0.21241337766515561	0.1366306724417708	0.10284750594606115	0.038243513578198989	0.01212910612970616	0.0031021832032233684	0.0025979504548446527	0.0028940403963894478	Bacteria	Actinobacteria				
seq2	Bin 21	0.0034096343418438873	0.086766923051130374	0.34398166892628396	0.22858865899754882	0.17373391847795694	0.11220114187761306	0.028178725378076638	0.012260074633141075	0.0041170056137306643	0.0025538524201194129	0.0042083962825551482	Bacteria	Actinobacteria	Actinobacteria	Actinomycetales		
Bin 48	Bin 48	0.0	0.0	0.0	0.0	0.0	0.017127314645970306	0.16558715536266019	0.26258363748444463	0.1880461028716188	0.19122675065121306	0.17542903898409293	Bacteria	Bacteroidetes				
seq101	Bin 48	0.0	0.0	0.0	6.7007361147131668e-05	0.00025893479335306613	0.0026390491888327577	0.14354388407333554	0.29056742120235901	0.22604019829932862	0.16937141205491227	0.16751209302673165	Bacteria	Bacteroidetes				
seq433	Bin 48	0.0	0.0	0.0	0.0	0.00074510722604387899	0.010821963561166006	0.20316103271102195	0.24155579536629221	0.17814954665543392	0.18390235253959247	0.18166420194044947	Bacteria	Bacteroidetes				
seq256	Bin 48	0.0	0.0	0.0	0.0	0.0	0.018451642520921727	0.16619179783015367	0.21306463409925949	0.18034086551248421	0.21142415638526016	0.21052690365192067	Bacteria	Bacteroidetes				
seq7966	Bin 48	0.0	0.0	0.0	0.0	0.0	0.0	0.13601470058075388	0.29036189372617915	0.190619035490765	0.18542872828212345	0.19757564192017868	Bacteria	Bacteroidetes	Flavobacteriia	Flavobacteriales	Cryomorphaceae	
Bin 4	Bin 4	0.0	0.0033662779558055844	0.0	0.0	0.0	0.13676561443561888	0.26812335774713014	0.19430270472026989	0.15015921253896913	0.1422196887186675	0.10506314388353886	Bacteria	Proteobacteria	Betaproteobacteria	Burkholderiales	Comamonadaceae	
seq12	Bin 4	0.0068468505644737462	0.030156185433684386	0.044590147071772182	0.026704379905730279	0.019817517530921709	0.12265525586734852	0.24786513919279521	0.18646683512538784	0.12145322143962832	0.10287300864161734	0.090571459226640547	Bacteria	Proteobacteria	Betaproteobacteria	Burkholderiales	Comamonadaceae	Rhodoferax
Bin 84	Bin 84	0.0	0.0	0.0	0.0	0.0	0.0	0.046716594910086347	0.1244576157157771	0.31831721221493331	0.266577533331813	0.24393104382739031	Bacteria					
seq157	Bin 84	0.0	0.0	0.00046996793082144304	0.00010900082654512953	0.00013387104831351352	0.0012265541233144601	0.022255541341821873	0.12249402297358522	0.33281974039782564	0.28825396998094177	0.23223733137683078	Bacteria					
seq8	Bin 84	0.0	0.0	9.2696992583183785e-05	0.00046557186448222497	0.0063727090004248562	0.0078897601747956216	0.071578938266797662	0.10944366526998003	0.31748457342889602	0.25571700184495222	0.23095508315708829	Bacteria	Proteobacteria	Gammaproteobacteria	Methylococcales	Methylococcaceae	Methylobacter
seq86	Bin 84	0.0	0.0	0.00090201563222587651	0.0	0.0043941202914795198	0.017060812423738782	0.020884341135636343	0.14164519197705977	0.29813906092620923	0.27546987199828737	0.24150458561536309	Bacteria	Proteobacteria	Epsilonproteobacteria	Campylobacterales	Helicobacteraceae	Sulfurimonas
seq8324	Bin 84	0.0	0.0	0.0	0.0	0.00055878272058770926	0.010239364800799004	0.0	0.11303970767614765	0.34002102922247318	0.26656470377168467	0.26957641180830777	Bacteria	Bacteroidetes	Bacteroidia	Bacteroidales		
seq17094	Bin 84	0.0	0.0	0.0	0.0	0.0	0.0	0.0	0.12966965617717369	0.32021789460805405	0.27181892001613905	0.27829352919863326	Bacteria	Bacteroidetes	Bacteroidia	Bacteroidales		
Bin 74	Bin 74	0.0	0.0	0.0	0.0	0.0	0.0	0.0	0.057960283614626615	0.37060319276741543	0.29484664078051187	0.27658988283744612	Bacteria					
seq990	Bin 74	0.0	0.0	0.003221159309658913	0.00039155535854422808	0.0030613506908802753	0.0022030284299241138	0.0	0.092409280644467615	0.34314840036169714	0.27986597262569796	0.27569925257912975	Bacteria	Proteobacteria	Betaproteobacteria	Gallionellales	Gallionellaceae	Gallionella
seq3826	Bin 74	0.0	0.0	0.0	0.0	0.0	0.0046852178930812324	0.0	0.095778600052278562	0.35414506636766963	0.29193249654160919	0.25345861914536139	Bacteria	Proteobacteria	Deltaproteobacteria			
seq1640	Bin 74	0.0	0.0	0.0	0.0	0.0021526647277907802	0.0	0.0	0.059694660537320532	0.35403282924683388	0.26928726299599298	0.31483258249206186	Bacteria					
seq7708	Bin 74	0.0	0.0	0.0013057979928703159	0.0	0.0	0.0	0.0	0.041505644215625338	0.35003729220239699	0.33993129755821305	0.26721996803089432	Bacteria	Proteobacteria	Deltaproteobacteria	Syntrophobacterales	Syntrophaceae	
seq38639	Bin 74	0.0	0.0	0.0	0.0	0.0	0.0	0.0	0.089069559031565049	0.35618181899290452	0.28438590248554363	0.2703627194899868	Bacteria	Bacteroidetes				
seq1572	Bin 74	0.0	0.0	0.0	0.0	0.0	0.0	0.0	0.047220144565450754	0.3741055715640072	0.2758608623839478	0.30281342148659424	Bacteria					
Bin 76	Bin 76	0.0	0.0	0.0	0.0	0.0	0.022161500526891396	0.17854812165390224	0.17667735551022512	0.22593813542095781	0.21832369330947465	0.17835119357854881	Bacteria	Proteobacteria				
seq335	Bin 76	0.0021209072292797805	0.0	0.0013502847601135439	0.00014885569635284847	0.0005752191746503586	0.036850642572205092	0.20213568647966118	0.16654065493457387	0.20620495228103616	0.20707167586895678	0.17700112100317039	Bacteria	Proteobacteria	Betaproteobacteria			
seq552	Bin 76	0.0	0.0	0.0	0.0	0.0046088347050212706	0.0098368216275973759	0.16431180930884398	0.15639850145194722	0.25626973951338972	0.20990587444838232	0.19866841894481826	Bacteria	Proteobacteria	Betaproteobacteria	Burkholderiales	Alcaligenaceae	
Bin 37	Bin 37	0.0	0.081832933931334575	0.13166552653429653	0.30630521797909266	0.13049689760056019	0.16623599769719605	0.089287350989856962	0.033981472564706752	0.021728054871423329	0.018196349582916403	0.020270198248616436	Bacteria	Proteobacteria	Betaproteobacteria	Burkholderiales		
seq82	Bin 37	0.0049654764012387427	0.0	0.08980872400842671	0.3355414004562548	0.21397997026441254	0.1529418154802662	0.12951128679221713	0.031747089480841935	0.016308104242322256	0.018595973428475649	0.0066001594455440092	Bacteria	Proteobacteria	Betaproteobacteria	Burkholderiales	Comamonadaceae	
Bin 16	Bin 16	0.0	0.0	0.0	0.0	0.0	0.0	0.1337555156080357	0.19344056540786192	0.2603949742280578	0.21807004854907483	0.19433889620696965	Bacteria					
seq3397	Bin 16	0.0	0.0	0.0	0.0	9.6627686259683068e-05	0.010181211828578354	0.15324566679299165	0.18594581878325939	0.22479772403124981	0.2322421735146753	0.19349077736298584	Bacteria	Gemmatimonadetes	Gemmatimonadetes	Gemmatimonadales	Gemmatimonadaceae	Gemmatimonas
seq450	Bin 16	0.0	0.0	0.0	0.0	0.0	0.0063567574563834764	0.16505346028537798	0.20432660845604458	0.20974469365103629	0.20395520464408301	0.21056327550707457	Bacteria					
seq1392	Bin 16	0.0067911604470174709	0.0	0.0016769757963259596	0.0	0.0033910174386857467	0.010726911528006835	0.10504750846259694	0.14976845007296899	0.26765033655663151	0.24797425924731567	0.20697338045045083	Bacteria	Proteobacteria	Gammaproteobacteria	Xanthomonadales	Sinobacteraceae	Steroidobacter
seq566	Bin 16	0.0	0.0	0.0	0.0	0.0	0.0040624653805131248	0.14742499251710614	0.18223651734744586	0.27278780117573725	0.23232410014745045	0.16116412343174707	Bacteria	Bacteroidetes				
seq552	Bin 16	0.0	0.0	0.0	0.0	0.0046088347050212706	0.0098368216275973759	0.16431180930884398	0.15639850145194722	0.25626973951338972	0.20990587444838232	0.19866841894481826	Bacteria	Proteobacteria	Betaproteobacteria	Burkholderiales	Alcaligenaceae	
Bin 59	Bin 59	0.0	0.0	0.0	0.0	0.0	0.025860406079933826	0.17779116428288103	0.27700253768784594	0.17711787877774579	0.18456193443670268	0.15766607873489072	Bacteria					
seq6	Bin 59	0.0	0.0	0.0	1.5069594601358033e-05	0.00064056344361839866	0.0099200614149309602	0.19437921842309669	0.29743133164192825	0.16302115602464817	0.1675123165275452	0.16708028292963098	Bacteria	Proteobacteria	Betaproteobacteria			
seq433	Bin 59	0.0	0.0	0.0	0.0	0.00074510722604387899	0.010821963561166006	0.20316103271102195	0.24155579536629221	0.17814954665543392	0.18390235253959247	0.18166420194044947	Bacteria	Bacteroidetes				
seq249	Bin 59	0.0	0.0	0.0	0.0	0.0	0.0043990654857295856	0.22349607683983269	0.27912172919787381	0.16754904738688128	0.18899308211102692	0.13644099897865566	Bacteria					
Bin 38	Bin 38	0.0	0.0	0.0	0.0	0.0	0.0	0.14492307277687419	0.27577811229497645	0.15870147329211404	0.20674256834258714	0.21385477329344821	Bacteria					
seq438	Bin 38	0.0	0.0	0.002520995818007599	0.0	0.0013123703373921945	0.013630936217800049	0.16488679341939408	0.28464133063412939	0.14421310274070126	0.17904522267294415	0.20974924815963131	Bacteria	Chloroflexi	Anaerolineae	Anaerolineales	Anaerolineaceae	Ornatilinea
seq7966	Bin 38	0.0	0.0	0.0	0.0	0.0	0.0	0.13601470058075388	0.29036189372617915	0.190619035490765	0.18542872828212345	0.19757564192017868	Bacteria	Bacteroidetes	Flavobacteriia	Flavobacteriales	Cryomorphaceae	
Bin 24	Bin 24	0.95684378060724784	0.043156219392752188	0.0	0.0	0.0	0.0	0.0	0.0	0.0	0.0	0.0	Bacteria	Proteobacteria	Betaproteobacteria	Burkholderiales		
seq1799	Bin 24	0.99851847025457563	0.0	0.0012968280655518878	0.0	0.00018470167987246836	0.0	0.0	0.0	0.0	0.0	0.0	Bacteria	Proteobacteria	Betaproteobacteria	Burkholderiales		
Bin 30	Bin 30	0.0	0.0	0.0	0.0	0.0	0.0	0.048988004502320402	0.18644124980081889	0.25034559542220297	0.2695552821996493	0.24466986807500848	Bacteria	Proteobacteria				
seq318	Bin 30	0.0	0.0	0.0	0.0	0.0	0.0	0.016103435818325965	0.19174228645195188	0.28547118793569703	0.26469175393559691	0.24199133585842814	Bacteria	Proteobacteria	Betaproteobacteria			
seq86	Bin 30	0.0	0.0	0.00090201563222587651	0.0	0.0043941202914795198	0.017060812423738782	0.020884341135636343	0.14164519197705977	0.29813906092620923	0.27546987199828737	0.24150458561536309	Bacteria	Proteobacteria	Epsilonproteobacteria	Campylobacterales	Helicobacteraceae	Sulfurimonas
Bin 64	Bin 64	0.0	0.0	0.0	0.0	0.0	0.0	0.0061616108657269837	0.063315535999280859	0.19192659027667433	0.31894978753628689	0.41964647532203103	Bacteria					
seq106	Bin 64	0.0	0.0	0.0	9.5185727015210462e-05	0.00025091989518403893	0.00071406459107814133	0.0	0.028492558130198763	0.22133489083434782	0.28620680804074738	0.46290557278142863	Bacteria	Proteobacteria	Deltaproteobacteria			
seq6204	Bin 64	0.0	0.0	0.0	0.0	8.705245204291309e-05	0.00039879624961109333	0.0	0.099085727698072876	0.1448673255190894	0.34652025984206114	0.40904083823912263	Bacteria					
seq303	Bin 64	0.0	0.0	0.00050623117526499989	0.0	0.0028579691602361569	0.0017952949238804557	0.0	0.034907189728771569	0.21936342527577987	0.28604368428147908	0.45452620545458783	Bacteria	Proteobacteria	Deltaproteobacteria	Syntrophobacterales	Syntrophaceae	
seq1817	Bin 64	0.0	0.0	0.00061918232403730775	0.00039028201279163493	0.0	0.0	0.021503864930435782	0.094897498935825525	0.16678615388318746	0.32300150237484271	0.39280151553887949	Bacteria					
seq430	Bin 64	0.0	0.0	0.00051645486243115032	0.0	0.00079961185733616732	0.0	0.0	0.048482130112061858	0.23521852025413037	0.30015826297721998	0.41482501993682042	Bacteria	Bacteroidetes	Bacteroidia	Bacteroidales	Porphyromonadaceae	Paludibacter
seq17175	Bin 64	0.0	0.0	0.0	0.0	0.0	0.0053057376356345429	0.0	0.12421503600037273	0.16742812139163399	0.2973860072726161	0.40566509769974274	Bacteria	Chloroflexi	Anaerolineae	Anaerolineales	Anaerolineaceae	
seq3887	Bin 64	0.0	0.0	0.0	0.0	0.0	0.0	0.0	0.021879415957774834	0.17958438070479796	0.35585923332735742	0.44267697001006973	Bacteria	Firmicutes	Clostridia	Clostridiales	Ruminococcaceae	
seq11055	Bin 64	0.0	0.0	0.0	0.0	0.0	0.0	0.0	0.023200600190653037	0.23753101613816049	0.33459536842052151	0.4046730152506649	Bacteria					
Bin 19	Bin 19	0.0	0.0	0.030410452207247394	0.22908402820142063	0.4889464883157365	0.21757226799029394	0.013748315100442481	0.0078486143986347331	0.0033456490934081723	0.0028018430939020585	0.006242341598914145	Bacteria	Proteobacteria	Betaproteobacteria			
seq39	Bin 19	0.0	0.0	0.026710412611018558	0.22907442233062639	0.53769904397771795	0.18852706574947067	0.0034126166122184515	0.0061424056831783022	0.0012786763287990837	0.0023795575789078184	0.0047757991280626836	Bacteria	Proteobacteria	Betaproteobacteria			
Bin 41	Bin 41	0.0	0.0	0.0	0.0	0.143984128656266	0.2567837550759236	0.088663910804121657	0.11248066753270707	0.15822649960906318	0.13250816592673198	0.10735287239518661	Bacteria	Proteobacteria	Gammaproteobacteria			
seq172	Bin 41	0.00012338197622442274	0.0	0.00083481553350466951	0.011158830762378096	0.062053646234166537	0.276203320493844	0.14804079626350414	0.091424684518131627	0.16180919065879926	0.1316766773382842	0.11667465622116314	Bacteria	Proteobacteria	Gammaproteobacteria	Methylococcales	Methylococcaceae	Methylobacter
Bin 28	Bin 28	0.011354609289796012	0.86139141717951517	0.095582084170820106	0.015882935613702749	0.015788953746166047	0.0	0.0	0.0	0.0	0.0	0.0	Bacteria					
seq17122	Bin 28	0.005326757441035555	0.8133183326897574	0.13207110232191471	0.031887623497928723	0.010949963298545005	0.0042069139911305557	0.0	0.00095569061072389402	0.00038591159207761877	0.00089770455688650949	0.0	Bacteria	Proteobacteria				
seq17563	Bin 28	0.038773829993930906	0.90137553430410167	0.025161216873164551	0.019239097056680862	0.0093574349348763599	0.0037118076723391662	0.0	0.00084321660693475445	0.00034049415113746598	0.0005280365716643702	0.00066933183517002017	Bacteria					
Bin 79	Bin 79	0.84553788651181017	0.1005404300878438	0.053921683400346074	0.0	0.0	0.0	0.0	0.0	0.0	0.0	0.0	Bacteria	Proteobacteria	Betaproteobacteria	Burkholderiales		
seq59	Bin 79	0.88710152432070777	0.0	0.05590981290204599	0.026358705375775324	0.017955319145064052	0.0051896762858064747	0.0	0.0037199177753886323	0.001269501423637662	0.0	0.0024955427715740624	Bacteria	Proteobacteria	Betaproteobacteria	Burkholderiales	Oxalobacteraceae	
Bin 45	Bin 45	0.28686225722931952	0.050027926121625273	0.080492693073301549	0.080253131486773877	0.10637101451501391	0.084689234232273952	0.0272925629347733	0.062322924914228119	0.092982938550193212	0.066745178662267396	0.061960138280229865	Bacteria	Actinobacteria	Actinobacteria	Actinomycetales		
seq22	Bin 45	0.23528770816555539	0.046960795464337061	0.1073562377975901	0.098733450638310349	0.086010254632384431	0.060726538285501716	0.059604470411296233	0.067458734955713293	0.087168897554366992	0.076229410605901146	0.074463501489043335	Bacteria	Actinobacteria	Actinobacteria	Actinomycetales		
Bin 2	Bin 2	0.0	0.0	0.0	0.0	0.0	0.030315520963332024	0.58618189522620923	0.18591028264108087	0.071323609911760469	0.05973058090795122	0.066538110349666252	Bacteria					
seq176	Bin 2	0.0	0.0	0.0035034671186102788	0.0004062839043450535	0.0043874441608447237	0.064005099728868586	0.53920181484595431	0.15625856858690287	0.065843117652040595	0.068289570230956623	0.098104633771476907	Bacteria	Verrucomicrobia	Spartobacteria			
Bin 23	Bin 23	0.010151902594253259	0.013278462576898966	0.035607419547007677	0.4070832369640045	0.38114687550613541	0.12288138378848001	0.0048293463758087331	0.0036759585664861562	0.0047008810042354979	0.007873587820625463	0.0087709452560643959	Bacteria					
seq33	Bin 23	0.014035793331773148	0.0	0.022263711980346806	0.3718877591451184	0.45128573827825219	0.10335179455829806	0.01277114419807154	0.0035348939079969128	0.0053833851960388502	0.005843968177891571	0.0096418112262126755	Bacteria	Verrucomicrobia	Opitutae			
seq110	Bin 23	0.0	0.0	0.077265799241107741	0.36951891589457508	0.415960250463834	0.091549492714990868	0.031582654593823478	0.0082872278842839459	0.002953171844695561	0.0014311761406174881	0.0014513112220718367	Bacteria					
seq133	Bin 23	0.0051568578736798142	0.0	0.061538738597294189	0.34142866193723326	0.40113551960902216	0.14967291516192835	0.026978435122842703	0.010424381963640855	0.00074720550135014025	0.0014484530422315335	0.0014688311907769306	Bacteria	Bacteroidetes				
seq144	Bin 23	0.0	0.0	0.028862712963277134	0.38273219049839752	0.43486192873496338	0.13950872627241792	0.0	0.0061593528787363848	0.001913646738803267	0.0040805510386691928	0.0018808908747351698	Bacteria	Planctomycetes	Planctomycetia	Planctomycetales	Planctomycetaceae	
seq394	Bin 23	0.0	0.0	0.083685620562296045	0.43197352109427489	0.36359802040296091	0.087070316349739468	0.0	0.012012704055765376	0.010649593970329751	0.011010223564633614	0.0	Bacteria	Proteobacteria	Deltaproteobacteria	Bdellovibrionales	Bacteriovoracaceae	Bacteriovorax
seq3201	Bin 23	0.0	0.0	0.065139097340439239	0.37387326735728393	0.37283191134201921	0.17419496299299245	0.0	0.0	0.0	0.0	0.013960760967265212	Bacteria	Proteobacteria	Alphaproteobacteria			
Bin 47	Bin 47	0.0	0.0	0.0	0.0	0.0	0.036160271403089382	0.34959808951650767	0.35480525160997417	0.085074608975938368	0.094995300451680378	0.079366478042810162	Bacteria					
seq1679	Bin 47	0.0	0.0	0.0	0.0	0.00040609281761438623	0.097011322312709411	0.34946139837900703	0.34170611911146648	0.060617131714518394	0.072203636810645344	0.078594298854038916	Bacteria	Verrucomicrobia	Subdivision3			
seq10792	Bin 47	0.0	0.0	0.0	0.0	0.0	0.0	0.33389578006424842	0.4173489473905545	0.094789034897957883	0.10397443981005654	0.049991797837182474	Bacteria	Firmicutes	Clostridia			
Bin 15	Bin 15	0.0	0.016652220555776597	0.0	0.0	0.0	0.084568594970762453	0.21802947885579554	0.19361734408919914	0.17243661492757634	0.17032803484320341	0.14436771175768642	Bacteria	Proteobacteria	Betaproteobacteria			
seq105	Bin 15	0.0	0.0	0.00028009825779596513	0.0	0.00069282171746222173	0.016555643777621986	0.28723326719671216	0.19859872749693772	0.18321523874717638	0.17108047458467165	0.14234372822162197	Bacteria	Proteobacteria	Betaproteobacteria			
seq440	Bin 15	0.0	0.0	0.0069317162903171853	0.001222379638758417	0.0016608739848973622	0.019903590225607466	0.2275341393484783	0.20722641050682616	0.19465944952287553	0.18404470027261249	0.15681674020962721	Bacteria	Proteobacteria	Betaproteobacteria			
seq335	Bin 15	0.0021209072292797805	0.0	0.0013502847601135439	0.00014885569635284847	0.0005752191746503586	0.036850642572205092	0.20213568647966118	0.16654065493457387	0.20620495228103616	0.20707167586895678	0.17700112100317039	Bacteria	Proteobacteria	Betaproteobacteria			
seq2227	Bin 15	0.0	0.0	0.0	0.0	0.0	0.006846345000754827	0.2326793303178134	0.21398125822232855	0.22692952226747751	0.17141545890009025	0.14814808529153545	Bacteria	Proteobacteria	Betaproteobacteria	Rhodocyclales	Rhodocyclaceae	
seq2133	Bin 15	0.0	0.0	0.0093179163353043926	0.00043017916285832805	0.0024548268618453275	0.055667809969477199	0.1993681390091907	0.1774634831179028	0.24067433100354174	0.17146843354033081	0.14315488099954876	Bacteria	Proteobacteria	Betaproteobacteria			
seq11114	Bin 15	0.0	0.0	0.052557320934948824	0.0042299535766562495	0.011570790663369733	0.095703813277047592	0.15620288450648889	0.17631626724204746	0.19606811856570977	0.15203071300088578	0.15532013823284577	Bacteria	Proteobacteria	Betaproteobacteria			
Bin 61	Bin 61	0.0	0.0	0.044616128610081823	0.56345567183168821	0.26532076481143341	0.018776888296956555	0.0	0.011514948447132065	0.044176560840524383	0.024664031492371979	0.027475005669811436	Bacteria					
seq99	Bin 61	0.0012216694258238793	0.0	0.06619324692638405	0.60986863315931916	0.27414117659777409	0.026050627034739864	0.0	0.0061371414697564955	0.0053104320780251952	0.004117695324823414	0.0069593779833540233	Bacteria	Proteobacteria	Gammaproteobacteria			
Bin 10	Bin 10	0.0	0.0	0.0	0.0	0.0	0.0	0.0	0.018184580377527425	0.25580240259146458	0.29212358081721029	0.43388943621379777	Bacteria	Proteobacteria	Deltaproteobacteria	Desulfuromonadales	Geobacteraceae	
seq14124	Bin 10	0.0	0.0	0.0029560243457552454	0.0	0.0	0.0	0.0	0.022069412125112525	0.27310990664931678	0.36537560259035007	0.33648905428946529	Bacteria	Proteobacteria	Deltaproteobacteria	Desulfuromonadales	Geobacteraceae	Geobacter
Bin 87	Bin 87	0.22785240347739569	0.13546630498529588	0.21795921906589397	0.11589894982075317	0.086409867913697633	0.073383254660376387	0.029561270602054445	0.033751774292946617	0.028774911679635279	0.024097801447879378	0.026844242054071515	Bacteria	Actinobacteria	Actinobacteria	Actinomycetales		
seq212	Bin 87	0.24278493915028812	0.074288029223977786	0.16961513290061228	0.11292645010354865	0.10445266764036906	0.067244993709171821	0.027889025901621577	0.039078926277849639	0.054847355461621429	0.055319845520236742	0.051552634110702961	Bacteria	Actinobacteria	Actinobacteria	Actinomycetales		
Bin 32	Bin 32	0.0	0.0	0.28959509154759083	0.35747920172612208	0.30069256476553186	0.052233141960755368	0.0	0.0	0.0	0.0	0.0	Bacteria	Bacteroidetes	Flavobacteriia	Flavobacteriales		
seq359	Bin 32	0.077737610172490798	0.0	0.28677135107842749	0.29531776281455885	0.28440465658050418	0.046575398576610201	0.0088407251613175676	0.00035249561609082748	0.0	0.0	0.0	Bacteria	Bacteroidetes	Flavobacteriia	Flavobacteriales	Cryomorphaceae	Fluviicola
Bin 22	Bin 22	0.020618210292699109	0.64723584072814244	0.2169528097963114	0.086522846764005151	0.028670292418841947	0.0	0.0	0.0	0.0	0.0	0.0	Bacteria					
seq3732	Bin 22	0.066704019132891812	0.62862462740344716	0.10101344298089655	0.12195212260789559	0.032332560857652473	0.0064507154442055405	0.017958523021980106	0.0039077817741469036	0.0023669662582705159	0.0055060185795576793	0.013183221939055557	Bacteria	Verrucomicrobia	Subdivision3			
seq1686	Bin 22	0.0	0.59592431437476223	0.19886924001554848	0.0152877578123222	0.020259900092568225	0.046236551575821433	0.051488253240327082	0.05452324857029632	0.0090483282296641258	0.0061390440577454193	0.0022233620309445108	Bacteria	Proteobacteria	Betaproteobacteria	Burkholderiales		
seq17574	Bin 22	0.0046944994403604612	0.7167817382172188	0.137213268926761	0.11303847259909022	0.023204021627947491	0.0037075754989075666	0.0	0.0	0.0013604236897145424	0.0	0.0	Bacteria					
Bin 57	Bin 57	0.0	0.0	0.0	0.0	0.0	0.066153077446163916	0.31978451202720526	0.29074056687561622	0.086466091374624771	0.11585885510923322	0.12099689716715646	Bacteria					
seq343	Bin 57	0.0012266658223546853	0.0	0.033444913040373399	0.0048084626808750988	0.0052963529417334905	0.069429523091068854	0.29743613060952234	0.21583986998465038	0.13756948907314748	0.12127972028148543	0.11366887247478884	Bacteria	Proteobacteria	Betaproteobacteria	Rhodocyclales	Rhodocyclaceae	
seq498	Bin 57	0.0	0.0	0.00016746345329358137	0.0	0.0014028616914441032	0.0051470578794875748	0.27230547988613507	0.27571302460762454	0.16343776116382897	0.15331419185768486	0.12851215946050121	Bacteria	Proteobacteria	Betaproteobacteria			
seq1679	Bin 57	0.0	0.0	0.0	0.0	0.00040609281761438623	0.097011322312709411	0.34946139837900703	0.34170611911146648	0.060617131714518394	0.072203636810645344	0.078594298854038916	Bacteria	Verrucomicrobia	Subdivision3			
seq1451	Bin 57	0.0	0.0	0.0	0.0	0.00077475224154347942	0.02839375857240823	0.27805707040022565	0.31794738322546123	0.16148744593507994	0.12117769230046158	0.092161897324819844	Bacteria	Bacteroidetes				
Bin 42	Bin 42	0.045196122976744274	0.14778880657979915	0.095114228951058782	0.28449345266611342	0.28281005945507132	0.10007307380215046	0.032250269937859004	0.012273985631203663	0.0	0.0	0.0	Bacteria					
seq68	Bin 42	0.10345127493358655	0.044620067784257769	0.14640653383755722	0.25442516989458319	0.26973455760438941	0.1147069377527981	0.039617698372543697	0.010827512463763199	0.0058434128367908199	0.0038743053120280204	0.006492529207701902	Bacteria	Proteobacteria	Betaproteobacteria			
seq524	Bin 42	0.017050719364898572	0.21694972345634445	0.075158027561924634	0.23870355833784709	0.35632576655058534	0.089774327251373853	0.0	0.0016657256682118845	0.0016470483413883361	0.001915675548273362	0.00080942791915250664	Bacteria	Proteobacteria	Deltaproteobacteria	Desulfobacterales	Desulfobacteraceae	
Bin 72	Bin 72	0.0	0.039651269125307982	0.0	0.0	0.042153913330455636	0.29534217920094358	0.30284258787406271	0.16465357518136375	0.063168573572042391	0.052901074402329239	0.039286827313494511	Bacteria	Bacteroidetes				
seq135	Bin 72	0.0050423277471632628	0.0	0.0077572305675095527	0.0070666587961525943	0.043720450195013152	0.36786310676477396	0.27584056602572499	0.11674943492671117	0.07013861773192992	0.058067641364704339	0.04775396588031694	Bacteria	Bacteroidetes				
Bin 81	Bin 81	0.0	0.0	0.0	0.0	0.0	0.078597114506342644	0.29550817950697772	0.20886567563216074	0.16436992616630217	0.13765303222672995	0.11500607196148668	Bacteria	Bacteroidetes				
seq0	Bin 81	0.0	0.0	4.9474877516488436e-05	0.0	0.00064644206136046738	0.060006424486035007	0.39133410432464572	0.1822367161380376	0.13468446528399383	0.12599970479904199	0.1050426680293688	Bacteria	Bacteroidetes	Flavobacteriia	Flavobacteriales		
seq258	Bin 81	0.0	0.0	0.00070100307717593053	0.00039848401355738877	0.00048940429464557674	0.015694080392635555	0.24085390275997712	0.16819068487880973	0.19990713218128642	0.19264303383942827	0.18112227456248409	Bacteria	Bacteroidetes	Bacteroidia	Bacteroidales		
seq1451	Bin 81	0.0	0.0	0.0	0.0	0.00077475224154347942	0.02839375857240823	0.27805707040022565	0.31794738322546123	0.16148744593507994	0.12117769230046158	0.092161897324819844	Bacteria	Bacteroidetes				
Bin 55	Bin 55	0.0	0.0	0.0	0.47454996348910145	0.41277422859702895	0.11267580791386955	0.0	0.0	0.0	0.0	0.0	Bacteria					
seq33	Bin 55	0.014035793331773148	0.0	0.022263711980346806	0.3718877591451184	0.45128573827825219	0.10335179455829806	0.01277114419807154	0.0035348939079969128	0.0053833851960388502	0.005843968177891571	0.0096418112262126755	Bacteria	Verrucomicrobia	Opitutae			
seq144	Bin 55	0.0	0.0	0.028862712963277134	0.38273219049839752	0.43486192873496338	0.13950872627241792	0.0	0.0061593528787363848	0.001913646738803267	0.0040805510386691928	0.0018808908747351698	Bacteria	Planctomycetes	Planctomycetia	Planctomycetales	Planctomycetaceae	
seq394	Bin 55	0.0	0.0	0.083685620562296045	0.43197352109427489	0.36359802040296091	0.087070316349739468	0.0	0.012012704055765376	0.010649593970329751	0.011010223564633614	0.0	Bacteria	Proteobacteria	Deltaproteobacteria	Bdellovibrionales	Bacteriovoracaceae	Bacteriovorax
Bin 11	Bin 11	0.10374808962285087	0.24008495407942421	0.13436032731868622	0.12279707494279733	0.099875835026094442	0.12722876471917055	0.056946748041194178	0.043346214995916704	0.02771595421906398	0.023210968261014802	0.020685068773786723	Bacteria					
seq49	Bin 11	0.11306134818472918	0.35258193496154611	0.14187274462649788	0.10636556970408501	0.082461846842985478	0.093648207830723987	0.029899175996514163	0.026331300125312259	0.018646270606995204	0.018899024480970916	0.016232576639639923	Bacteria	Proteobacteria	Betaproteobacteria	Burkholderiales	Comamonadaceae	Acidovorax
seq41	Bin 11	0.076462095547407946	0.14967498870144655	0.1323331935969225	0.13159094400116783	0.13435101219497755	0.13316213584584888	0.05084023540827342	0.071775032627699853	0.042327513439661762	0.049561376158163722	0.027921472478430086	Bacteria	Firmicutes				
Bin 75	Bin 75	0.29112904878796397	0.095197578569348074	0.30633728267987231	0.17452889404380487	0.086748089347216617	0.027626432976783181	0.0	0.0056473139829274323	0.0	0.0060480309817160117	0.0067373286303674699	Bacteria					
seq88	Bin 75	0.31494611935143213	0.0	0.24767134937733268	0.17283923525271391	0.14827630941956541	0.075026439237639062	0.0064503746344449966	0.0072832120501400066	0.0096558737165453237	0.0085624202345180693	0.0092886667256685297	Bacteria	Actinobacteria	Actinobacteria	Acidimicrobiales		
seq954	Bin 75	0.31808969108903157	0.0	0.34389224469273549	0.15423820184431333	0.10043687941015636	0.056930639176622187	0.015094526419329055	0.0029276044712556702	0.0023210672979413855	0.0041137133512336018	0.0019554322473813923	Bacteria	Actinobacteria	Actinobacteria			
seq19077	Bin 75	0.30215330937094109	0.0	0.3774310689200136	0.19609158177247282	0.083969286990431977	0.021693787513148901	0.0	0.012488709650331727	0.0	0.0061722557826599375	0.0	Bacteria					
Bin 50	Bin 50	0.0	0.032870505899258252	0.2644358608910477	0.24607225944028058	0.13978069175305879	0.15580454617826808	0.071729565504859094	0.040948850569414962	0.017455372098226805	0.014618154026155286	0.016284193639430337	Bacteria	Bacteroidetes				
seq188	Bin 50	0.017927495603804102	0.0	0.18458065837225707	0.26443440450721006	0.14296194684518315	0.22973471594912681	0.096290530711777234	0.029837938919936448	0.015920856591218037	0.0097460456071165619	0.0085654068923704911	Bacteria	Bacteroidetes				
seq855	Bin 50	0.097205413506916347	0.0	0.3341891636965108	0.208694815567326	0.12061081785352512	0.15353986684115956	0.062649985580781456	0.0073658369382156291	0.0046948756725222873	0.0018201972385042983	0.0092290271045382746	Bacteria	Bacteroidetes	Flavobacteriia	Flavobacteriales	Cryomorphaceae	Fluviicola
Bin 17	Bin 17	0.0	0.043986320458141361	0.0	0.32928648231858604	0.28057546422412066	0.14892353471694847	0.095986343024041257	0.036531011905914026	0.023358252932944041	0.01956157320704472	0.02179101721225938	Bacteria	Verrucomicrobia				
seq2134	Bin 17	0.002938206799358085	0.0	0.025663442061198902	0.22394851117477088	0.24313234147932178	0.15431378246281119	0.13767749043019681	0.079944223727793695	0.036613033187893392	0.045555487162528517	0.050213481514126787	Bacteria	Verrucomicrobia	Opitutae	Opitutales	Opitutaceae	
Bin 58	Bin 58	0.0	0.0	0.0	0.033461622151065303	0.099790873160573446	0.063560267201521026	0.06827796584670813	0.090949617063912483	0.24923139257345192	0.20872100945714003	0.18600725254562775	Bacteria	Proteobacteria	Gammaproteobacteria			
seq436	Bin 58	0.0	0.0	0.01149082518550446	0.0011254812700207573	0.055544538954079237	0.031661771204221159	0.10577406218067029	0.17376755332410249	0.24280950006283811	0.18827385955443068	0.18955240826413283	Bacteria	Proteobacteria	Gammaproteobacteria			
Bin 9	Bin 9	0.01303054851718926	0.085218336777536388	0.082267492877179896	0.54681766098919204	0.21743282141108697	0.02308175051411665	0.0	0.0070774550883038736	0.0090507750784418004	0.0075796507463848414	0.0084435080005684088	Bacteria	Proteobacteria				
seq99	Bin 9	0.0012216694258238793	0.0	0.06619324692638405	0.60986863315931916	0.27414117659777409	0.026050627034739864	0.0	0.0061371414697564955	0.0053104320780251952	0.004117695324823414	0.0069593779833540233	Bacteria	Proteobacteria	Gammaproteobacteria			
Bin 85	Bin 85	0.0	0.09452367198791875	0.15208435582533791	0.25271953968992172	0.30146898935791844	0.12801070151127694	0.051567063969117616	0.019625677658508565	0.0	0.0	0.0	Bacteria	Proteobacteria	Betaproteobacteria			
seq68	Bin 85	0.10345127493358655	0.044620067784257769	0.14640653383755722	0.25442516989458319	0.26973455760438941	0.1147069377527981	0.039617698372543697	0.010827512463763199	0.0058434128367908199	0.0038743053120280204	0.006492529207701902	Bacteria	Proteobacteria	Betaproteobacteria			
Bin 5	Bin 5	0.024745548373660654	0.064733252702897037	0.2083058101902179	0.31152877863269207	0.24086643239450742	0.065749792475241528	0.07063000649162246	0.013440378739160833	0.0	0.0	0.0	Bacteria					
seq68	Bin 5	0.10345127493358655	0.044620067784257769	0.14640653383755722	0.25442516989458319	0.26973455760438941	0.1147069377527981	0.039617698372543697	0.010827512463763199	0.0058434128367908199	0.0038743053120280204	0.006492529207701902	Bacteria	Proteobacteria	Betaproteobacteria			
seq359	Bin 5	0.077737610172490798	0.0	0.28677135107842749	0.29531776281455885	0.28440465658050418	0.046575398576610201	0.0088407251613175676	0.00035249561609082748	0.0	0.0	0.0	Bacteria	Bacteroidetes	Flavobacteriia	Flavobacteriales	Cryomorphaceae	Fluviicola
seq76	Bin 5	0.010504574733873511	0.0	0.16787931507644288	0.32522712187141822	0.34892631504240479	0.092443365856867896	0.01979680606246248	0.012956924284343592	0.0078277659995795047	0.00674403283254465	0.0076937782400625879	Bacteria	Planctomycetes	Planctomycetia	Planctomycetales	Planctomycetaceae	Isosphaera
seq3900	Bin 5	0.0058136879844986273	0.0	0.22459288268173591	0.33283739762109782	0.30730758363303823	0.12396988430678457	0.0	0.0041722095154259689	0.0	0.0013063542574188532	0.0	Bacteria	Proteobacteria	Betaproteobacteria			
seq8644	Bin 5	0.0078801397217649442	0.0	0.19851009068718545	0.3033606219401801	0.20681146244810567	0.099575985321717408	0.0	0.019038065067227272	0.052522652204919258	0.058432854560999857	0.053868128047900109	Bacteria					
seq5306	Bin 5	0.036935399088199983	0.0	0.2334580430255587	0.34633933274816758	0.31007297690244445	0.058340950911379079	0.0	0.0	0.010703546255996559	0.0041497510682537613	0.0	Bacteria	Proteobacteria	Betaproteobacteria			
seq403	Bin 5	0.062848951104073264	0.0	0.17912633641567868	0.36371199277670219	0.29184364897760073	0.082727041936981507	0.0	0.015034575443913607	0.0	0.0047074533450500158	0.0	Bacteria	Proteobacteria	Gammaproteobacteria	Aeromonadales	Aeromonadaceae	Aeromonas
seq1922	Bin 5	0.030267859186590692	0.0	0.22466159413927941	0.30098209402783083	0.30182564064479739	0.047809303015263004	0.0	0.021721814181735407	0.035085412787881964	0.020403853879045284	0.017242428137575951	Bacteria	Proteobacteria	Betaproteobacteria	Burkholderiales	Burkholderiaceae	Polynucleobacter
seq8534	Bin 5	0.0	0.0	0.27869053437584884	0.36121478344039643	0.2209255948568265	0.11013906257518286	0.0	0.0091691948314023379	0.0	0.0	0.019860829920343111	Bacteria	Proteobacteria	Alphaproteobacteria	Rhizobiales		
Bin 51	Bin 51	0.011064342490710824	0.22431466153477267	0.3259852548755694	0.14703062268161846	0.14616061899711186	0.088195041587387127	0.031580410752838566	0.015023808659381991	0.0038425425891384876	0.003217970897669608	0.0035847249338010713	Bacteria	Actinobacteria				
seq2	Bin 51	0.0034096343418438873	0.086766923051130374	0.34398166892628396	0.22858865899754882	0.17373391847795694	0.11220114187761306	0.028178725378076638	0.012260074633141075	0.0041170056137306643	0.0025538524201194129	0.0042083962825551482	Bacteria	Actinobacteria	Actinobacteria	Actinomycetales		
seq504	Bin 51	0.0054862651541427252	0.23031359650967975	0.22103399524877151	0.24498739525846527	0.14405648599716231	0.056327549468793828	0.0077148213435835498	0.015102100778988554	0.02341445303900851	0.026560833501135223	0.025002503700268634	Bacteria	Actinobacteria	Actinobacteria	Acidimicrobiales	Acidimicrobiaceae	Ilumatobacter
Bin 6	Bin 6	0.010738006991840774	0.028090148160473994	0.15065263540791526	0.10013617631280085	0.1244295681993383	0.23776051913466531	0.15324483662444818	0.091372332222558819	0.044750511897031005	0.033312628951585238	0.025512636097342282	Bacteria	Actinobacteria				
seq56	Bin 6	0.0065795504153374389	0.13476362739399189	0.17799759884209357	0.1306584224124937	0.14714584384126145	0.11258720370769655	0.10326664281852216	0.073357912032251685	0.040167697419582864	0.04174145849560499	0.031734042621163687	Bacteria	Actinobacteria	Actinobacteria	Actinomycetales		
Bin 65	Bin 65	0.013546230907300186	0.026577252661354245	0.11403095868234776	0.094742984024272101	0.13185532451188636	0.17996406010640631	0.15465737311168623	0.10668439557001243	0.070567188100837161	0.059097108846823197	0.048277123477073962	Bacteria	Actinobacteria				
seq56	Bin 65	0.0065795504153374389	0.13476362739399189	0.17799759884209357	0.1306584224124937	0.14714584384126145	0.11258720370769655	0.10326664281852216	0.073357912032251685	0.040167697419582864	0.04174145849560499	0.031734042621163687	Bacteria	Actinobacteria	Actinobacteria	Actinomycetales		
Bin 71	Bin 71	0.0	0.024634571713312261	0.0	0.0	0.078568249428847992	0.36698084343775988	0.16127166988026687	0.092066492589582299	0.10465445638207145	0.098599263515905797	0.073224453052253571	Bacteria	Proteobacteria	Betaproteobacteria			
seq3	Bin 71	0.0010715059324891757	0.0	0.00076131277256375027	0.0024748452555189153	0.021965601007938231	0.20489668191095084	0.21204434073203191	0.15255461216309668	0.16006933614562474	0.12231156900205997	0.12185019507772574	Bacteria	Proteobacteria	Betaproteobacteria	Methylophilales	Methylophilaceae	Methylophilus
seq773	Bin 71	0.0	0.0	0.006002208798132817	0.078374939466061749	0.18864990365465426	0.24255004235072958	0.15204678969096566	0.12519977619921446	0.081800628748754461	0.067487388137329032	0.057888322954157981	Bacteria	Proteobacteria	Betaproteobacteria			
Bin 20	Bin 20	0.82102056359482112	0.17897943640517891	0.0	0.0	0.0	0.0	0.0	0.0	0.0	0.0	0.0	Bacteria					
seq59	Bin 20	0.88710152432070777	0.0	0.05590981290204599	0.026358705375775324	0.017955319145064052	0.0051896762858064747	0.0	0.0037199177753886323	0.001269501423637662	0.0	0.0024955427715740624	Bacteria	Proteobacteria	Betaproteobacteria	Burkholderiales	Oxalobacteraceae	
seq3251	Bin 20	0.81088005505115779	0.0	0.044448014070452825	0.038506500301343331	0.045288927257611675	0.0055687726767375493	0.0	0.0064116775391408823	0.0040867085642900891	0.012675293084890307	0.032134051454375659	Bacteria	Planctomycetes	Planctomycetia	Planctomycetales	Planctomycetaceae	Pirellula
seq1118	Bin 20	0.83847824074860033	0.0	0.0016005115144659492	0.0013451091460729347	0.010516650388720513	0.011352087101426689	0.0	0.011575576698205196	0.044431259116287265	0.04521809725498574	0.035482468031235524	Bacteria	Actinobacteria	Actinobacteria	Actinomycetales		
seq3715	Bin 20	0.88223780510020322	0.0	0.033649821409617135	0.014308195106187201	0.024340091085977403	0.014219695476629355	0.0	0.0	0.01217450362988181	0.0053943306783161924	0.013675557513187851	Bacteria	Cyanobacteria/Chloroplast	Cyanobacteria	Family II	Family II	GpIIa
seq7653	Bin 20	0.9082945681704383	0.0	0.041616000767593496	0.015515487589050341	0.017931846443024344	0.011664128973599351	0.0	0.0	0.0	0.0049779680562939991	0.0	Bacteria	Cyanobacteria/Chloroplast	Chloroplast	Chloroplast	Chloroplast	Bacillariophyta
Bin 52	Bin 52	0.47691082404295543	0.31189437008375082	0.0	0.0	0.0	0.21119480587329367	0.0	0.0	0.0	0.0	0.0	Bacteria	Cyanobacteria/Chloroplast	Cyanobacteria	Family XI	Family XI	GpXI
seq953	Bin 52	0.35508540339098787	0.0	0.27796088937333008	0.061647243464442739	0.078416578809258508	0.12339177407030685	0.0	0.032605842758973214	0.037044199553430343	0.009574658902313524	0.024273409676956695	Bacteria	Cyanobacteria/Chloroplast	Cyanobacteria	Family XI	Family XI	GpXI
Bin 69	Bin 69	0.0	0.0	0.10627989648679485	0.17660597878510065	0.24578536219086192	0.20127756778121017	0.072072399439425658	0.068574278357234786	0.052616401955285157	0.044064065993906304	0.032724049010180424	Bacteria	Proteobacteria	Betaproteobacteria	Burkholderiales	Burkholderiaceae	
seq5	Bin 69	0.012789781860548669	0.0	0.064258342597438733	0.075471563023722224	0.14402458910988125	0.1572868109850305	0.066496869844008724	0.13163673964821535	0.13184065096225836	0.11002949924669289	0.10616515272220346	Bacteria	Proteobacteria	Betaproteobacteria	Burkholderiales	Burkholderiaceae	Polynucleobacter
Bin 60	Bin 60	0.0	0.0	0.0	0.0	0.062553112981435302	0.19921123292454584	0.44939473273504815	0.17103312632597376	0.062491484298694985	0.026167020034313287	0.029149290699988704	Bacteria	Bacteroidetes				
seq214	Bin 60	0.0	0.0	5.2859535507925035e-05	0.00086521779510464363	0.028347202009008556	0.37417157809345375	0.40276906732346079	0.13108003315867259	0.025588061209493359	0.021440990528219798	0.015684990347078737	Bacteria	Bacteroidetes	Cytophagia	Cytophagales	Flammeovirgaceae	Cesiribacter
Bin 46	Bin 46	0.0	0.2355558876584064	0.14212457848643398	0.22042469348590465	0.093908745153758189	0.19937911973599418	0.096380027920962313	0.012226947558540169	0.0	0.0	0.0	Bacteria	Bacteroidetes				
seq280	Bin 46	0.0036172215321637301	0.41759047582551956	0.085990219010366173	0.14468575655955634	0.07072233059995571	0.20854447062818701	0.046899809135477151	0.012395079748778818	0.0039308934257668337	0.003048004615036598	0.0025757389191922342	Bacteria	Bacteroidetes	Sphingobacteriia	Sphingobacteriales	Chitinophagaceae	Niabella
Bin 80	Bin 80	0.0099585403672365277	0.091178843622100603	0.33532040400724761	0.19502141552504859	0.16617209370181654	0.12348089626209106	0.056848347845358277	0.016226743356475542	0.0	0.0057927153126252073	0.0	Bacteria	Verrucomicrobia	Opitutae	Opitutales	Opitutaceae	
seq2134	Bin 80	0.002938206799358085	0.0	0.025663442061198902	0.22394851117477088	0.24313234147932178	0.15431378246281119	0.13767749043019681	0.079944223727793695	0.036613033187893392	0.045555487162528517	0.050213481514126787	Bacteria	Verrucomicrobia	Opitutae	Opitutales	Opitutaceae	
Bin 13	Bin 13	0.0	0.040658972029256932	0.91585851621723224	0.043482511753510901	0.0	0.0	0.0	0.0	0.0	0.0	0.0	Bacteria	Proteobacteria	Betaproteobacteria	Nitrosomonadales	Nitrosomonadaceae	
seq5929	Bin 13	0.0	0.0	0.56515737895126461	0.21515013375719055	0.16676752322975741	0.032433198487385566	0.016716572508103052	0.001551135925062906	0.0012527094598458	0.00097134768139004943	0.0	Bacteria	Proteobacteria	Betaproteobacteria	Nitrosomonadales	Nitrosomonadaceae	
Bin 18	Bin 18	0.0	0.0	0.0	0.0	0.0	0.0	0.0	0.0	0.0	0.0	0.0	Bacteria					
seq24	Bin 18	0.01687676890830532	0.19137562022726731	0.15574726671681605	0.12881325020796497	0.10724226614668041	0.062976666730307385	0.09109642073321858	0.078983706334472631	0.062440980731525715	0.057495937191693949	0.046951116071747574	Bacteria	Actinobacteria	Actinobacteria	Actinomycetales		
seq56	Bin 18	0.0065795504153374389	0.13476362739399189	0.17799759884209357	0.1306584224124937	0.14714584384126145	0.11258720370769655	0.10326664281852216	0.073357912032251685	0.040167697419582864	0.04174145849560499	0.031734042621163687	Bacteria	Actinobacteria	Actinobacteria	Actinomycetales		
seq52	Bin 18	0.060690364467966267	0.10239265561687612	0.14078349025443987	0.11467385210778663	0.1596044964586	0.12472766432747449	0.097166875564848307	0.068941024146233876	0.043045701647126046	0.043850383963653733	0.044123491444994639	Bacteria					
seq22	Bin 18	0.23528770816555539	0.046960795464337061	0.1073562377975901	0.098733450638310349	0.086010254632384431	0.060726538285501716	0.059604470411296233	0.067458734955713293	0.087168897554366992	0.076229410605901146	0.074463501489043335	Bacteria	Actinobacteria	Actinobacteria	Actinomycetales		
seq41	Bin 18	0.076462095547407946	0.14967498870144655	0.1323331935969225	0.13159094400116783	0.13435101219497755	0.13316213584584888	0.05084023540827342	0.071775032627699853	0.042327513439661762	0.049561376158163722	0.027921472478430086	Bacteria	Firmicutes				
seq217	Bin 18	0.012546636582937804	0.0	0.089522201358912978	0.13976690768863881	0.10266856571471045	0.075024975138209382	0.10274044148958174	0.092734098519806241	0.13868370462332727	0.11357627794344152	0.13273619094043373	Bacteria	Verrucomicrobia	Spartobacteria			
seq5	Bin 18	0.012789781860548669	0.0	0.064258342597438733	0.075471563023722224	0.14402458910988125	0.1572868109850305	0.066496869844008724	0.13163673964821535	0.13184065096225836	0.11002949924669289	0.10616515272220346	Bacteria	Proteobacteria	Betaproteobacteria	Burkholderiales	Burkholderiaceae	Polynucleobacter
seq379	Bin 18	0.039222878225753675	0.0	0.016236609223687897	0.059295411638458563	0.10540470069732243	0.080540351277091804	0.091006514965129404	0.13228075046351245	0.17049655685870152	0.16921931528232595	0.13629691136801619	Bacteria	Proteobacteria	Betaproteobacteria	Burkholderiales	Alcaligenaceae	Castellaniella
seq390	Bin 18	0.10200106958866437	0.0	0.18088620160522914	0.11817894821663252	0.14859442373813431	0.05126379962754915	0.12232824189612913	0.0090933920924915809	0.096738519302719109	0.091679864398446789	0.079235539534003779	Bacteria	Proteobacteria	Alphaproteobacteria	Rhizobiales		
seq156	Bin 18	0.029510798581629531	0.0	0.090442507364785582	0.1155929349964834	0.1466110033060577	0.18645398115722367	0.11412025558544969	0.057879508499710283	0.10262356616174731	0.089520804322731504	0.06724464002418136	Bacteria	Proteobacteria	Gammaproteobacteria	Legionellales	Coxiellaceae	Diplorickettsia
seq1610	Bin 18	0.068181546745503877	0.0	0.12511124218679434	0.09073088607094805	0.09980531020988577	0.067309687487107542	0.22486483853668951	0.044447795760465168	0.079033594590728742	0.10341412631959332	0.097100972092283674	Bacteria					
Bin 7	Bin 7	0.029781655266215804	0.0	0.0	0.0	0.041412360873140298	0.15826181127649849	0.25501295906091648	0.21028418375567628	0.1241146815528008	0.10394092555783235	0.077191422656919639	Bacteria	Actinobacteria				
seq388	Bin 7	0.24795496593820304	0.0	0.047065772370495335	0.041074053514983798	0.045534647224126791	0.091918997355426441	0.039137087199298572	0.087270135772816407	0.15397525212984439	0.13076268093329882	0.11530640756150642	Bacteria	Actinobacteria	Actinobacteria	Actinomycetales		
seq2958	Bin 7	0.27545527639580941	0.0	0.092507466677763994	0.043826471718866403	0.045698409427863178	0.039553882417817966	0.16517454090626713	0.017971022998845253	0.10159476745400521	0.10409728056115124	0.11412088144161009	Bacteria	Actinobacteria	Actinobacteria	Actinomycetales	Microbacteriaceae	
seq4990	Bin 7	0.064017848337119876	0.0	0.015808252953494077	0.0	0.065311388491217301	0.037919538973668739	0.0	0.20289028985533536	0.22262155584114854	0.17262017971857824	0.21881094582943794	Bacteria	Actinobacteria	Actinobacteria	Actinomycetales		
Bin 49	Bin 49	0.024753514928384467	0.080942616069160672	0.27348939441397901	0.23372180389970149	0.23233883464585708	0.11509917980990325	0.017663186259626557	0.010083529289971714	0.0042983320257416373	0.0035996757476301666	0.0040099329100438995	Bacteria	Proteobacteria	Betaproteobacteria	Methylophilales	Methylophilaceae	Methylotenera
seq68	Bin 49	0.10345127493358655	0.044620067784257769	0.14640653383755722	0.25442516989458319	0.26973455760438941	0.1147069377527981	0.039617698372543697	0.010827512463763199	0.0058434128367908199	0.0038743053120280204	0.006492529207701902	Bacteria	Proteobacteria	Betaproteobacteria			
seq3900	Bin 49	0.0058136879844986273	0.0	0.22459288268173591	0.33283739762109782	0.30730758363303823	0.12396988430678457	0.0	0.0041722095154259689	0.0	0.0013063542574188532	0.0	Bacteria	Proteobacteria	Betaproteobacteria			
seq5306	Bin 49	0.036935399088199983	0.0	0.2334580430255587	0.34633933274816758	0.31007297690244445	0.058340950911379079	0.0	0.0	0.010703546255996559	0.0041497510682537613	0.0	Bacteria	Proteobacteria	Betaproteobacteria			
seq1922	Bin 49	0.030267859186590692	0.0	0.22466159413927941	0.30098209402783083	0.30182564064479739	0.047809303015263004	0.0	0.021721814181735407	0.035085412787881964	0.020403853879045284	0.017242428137575951	Bacteria	Proteobacteria	Betaproteobacteria	Burkholderiales	Burkholderiaceae	Polynucleobacter
Bin 43	Bin 43	0.40736456900369533	0.10312718456434439	0.16592702232890033	0.091907328836279167	0.073090798790508393	0.034915548040315096	0.018753560215985701	0.021412000184969818	0.027382045556739724	0.030575111375237433	0.025544831103024655	Bacteria	Proteobacteria	Alphaproteobacteria	SAR11	SAR11	Candidatus Pelagibacter
seq829	Bin 43	0.43939570289578311	0.0	0.25603327765240352	0.14023899137897061	0.064406392021032099	0.060880983778654245	0.0	0.022678591658170062	0.011169554417706666	0.0051965061972797048	0.0	Bacteria	Proteobacteria	Alphaproteobacteria	Rhizobiales		
Bin 53	Bin 53	0.26247498334857783	0.098088981320300694	0.078910389450212046	0.15735107420131575	0.22594000398137642	0.12176917300001319	0.017837368735371818	0.013577288374843888	0.0086814385766243191	0.0072703466627670656	0.0080989523485971368	Bacteria	Proteobacteria	Betaproteobacteria	Methylophilales	Methylophilaceae	Methylotenera
seq3	Bin 53	0.0010715059324891757	0.0	0.00076131277256375027	0.0024748452555189153	0.021965601007938231	0.20489668191095084	0.21204434073203191	0.15255461216309668	0.16006933614562474	0.12231156900205997	0.12185019507772574	Bacteria	Proteobacteria	Betaproteobacteria	Methylophilales	Methylophilaceae	Methylophilus
seq324	Bin 53	0.0	0.0	0.004880198976197566	0.0036782590353165233	0.011671817526791022	0.16384060044990237	0.16083386740830097	0.16850761997812186	0.19728918812331384	0.14115952079187563	0.14813892771018036	Bacteria	Proteobacteria	Betaproteobacteria	Methylophilales	Methylophilaceae	Methylophilus
Bin 26	Bin 26	0.0	0.0	0.0	0.0	0.0	0.0	0.0	0.0	0.0	0.0	0.0	Bacteria	Proteobacteria	Gammaproteobacteria	Enterobacteriales	Enterobacteriaceae	
seq156	Bin 26	0.029510798581629531	0.0	0.090442507364785582	0.1155929349964834	0.1466110033060577	0.18645398115722367	0.11412025558544969	0.057879508499710283	0.10262356616174731	0.089520804322731504	0.06724464002418136	Bacteria	Proteobacteria	Gammaproteobacteria	Legionellales	Coxiellaceae	Diplorickettsia
