UniqueCount	AmbigCount
7	1
15	0
7	0
2	0
0	0
27	0
35	0
13	0
4	0
1	2
79	1
0	1
12	0
8	0
2	0
5	0
11	0
2	0
2	0
1	1
11	3
1	5
1	0
8	1
11	1
24	5
19	11
26	0
7	0
24	1
17	10
0	0
2	0
7	0
1	11
0	0
0	0
2	0
1	0
2	0
40	0
43	0
719	2
582	16
341	16
272	0
7	0
1	0
4	0
1	0
1	0
9	0
299	0
0	0
0	0
1	0
1	0
0	0
27	0
3	0
2	0
0	0
0	0
0	0
17	0
8	1
0	0
5	0
5	1
3	2
2	0
7	0
1	0
69	0
14	1
2	0
130	2
34	0
7	0
30	0
7	0
25	0
6	0
19	0
5	0
37	0
11	0
11	0
17	0
6	0
41	0
0	0
1	1
1	2
0	0
0	0
0	0
5	0
3	1
1	0
1	1
130	0
199	0
8	0
0	0
1	1
0	0
2	0
1	0
0	0
7	1
6	10
5	10
8	0
8	0
25	4
7	4
89	2
4	0
27	1
5	1
17	0
3	0
20	4
5	0
5	0
2	0
5	0
1	0
2	1
9	1
10	0
1	8
2	0
23	3
30	1
3	0
2	0
3	0
5	0
28	1
13	0
4	0
4	0
3	0
26	0
51	0
15	0
5	0
45	0
5	0
18	1
70	0
34	0
35	0
35	0
9	0
26	0
3	0
10	0
23	0
13	0
2	0
6	0
3	0
8	0
1	0
28	4
86	0
98	0
28	1
21	1
3	0
49	0
34	0
13	4
15	0
237	21
20	0
37	0
11	0
0	0
1	0
44	0
20	0
53	0
8	0
1	0
11	1
4	0
17	0
2	0
1	0
8	0
24	0
0	0
7	0
5	0
17	3
4	0
1	1
8	0
6	0
5	0
0	0
0	0
1	18
982	13
111	4
5	0
6	0
44	0
13	0
3	0
0	2
1	0
6	0
0	0
2	0
5	0
0	0
111	0
213	0
115	0
22	0
0	0
0	0
0	0
3	0
1	0
0	0
3	0
1	0
0	0
0	0
1	0
6	0
1	0
0	0
3	0
2	0
31	0
22	0
6	0
5	1
7	1
6	0
21	0
37	2
18	2
13	0
74	1
33	1
4	0
10	0
24	0
39	0
2	0
10	0
37	0
17	1
6	1
16	0
13	0
4	0
6	0
5	0
8	0
1	0
19	1
38	5
7	0
11	1
10	0
18	1
8	7
2	0
2	0
14	1
1	1
72	8
47	3
1	0
6	0
8	6
7	0
7	0
3	0
0	1
1	0
1	0
0	0
2	0
10	0
0	0
1	0
1	0
10	0
0	0
4	0
11	0
0	46
26	4
12	0
6	0
12	0
3	0
2	0
7	0
8	0
24	2
38	1
76	6
3	0
8	0
6	2
2	0
12	0
72	0
3	0
2	0
1	0
0	0
0	0
0	0
0	0
1	0
0	0
0	0
0	0
4	0
4	0
0	0
9	1
3	1
1	1
9	0
17	2
25	1
43	0
10	0
2	0
1	0
0	0
0	0
5	0
1	0
0	0
2	0
8	0
1	0
1	0
2	0
2	2
0	0
2	0
10	1
11	1
6	0
2	0
4	5
4	5
5	0
8	1
25	1
47	4
6	0
12	0
1	0
9	0
4	0
5	0
4	1
6	7
0	8
21	0
0	0
0	0
0	0
1	1
1	0
10	0
125	54
1	2
0	2
9	1
5	0
6	0
0	0
0	0
8	0
673	6
312	1
5	0
0	0
3	0
3	0
1	0
43	0
22	1
6	1
0	0
0	0
6	0
1	1
3	3
1	0
3	0
0	0
0	0
0	1
0	1
8	2
2	2
2	0
13	0
2	0
0	0
3	0
0	0
7	4
2	0
2	1
1	2
23	0
0	0
30	0
86	0
2	2
2	0
3	0
18	0
40	0
0	0
6	0
4	0
4	2
14	0
7	0
34	0
2	0
11	0
0	0
27	1
4	0
0	0
0	0
25	0
8	0
1	0
1	0
3	2
10	1
57	0
30	2
113	0
0	0
0	0
0	2
4	0
0	0
1	0
1	0
1	0
2	0
0	0
0	0
5	0
0	1
2	2
26	2
5	0
10	0
4	0
0	0
13	0
3	0
4	0
28	0
17	0
0	0
804	53
0	0
14	1
4	0
6	0
9	0
11	0
142	71
3	0
7	0
9	0
3	0
80	9
8	9
10	0
1	0
1	0
6	0
9	0
3	0
1	0
0	2
11	0
10	0
7	6
2	0
58	96
0	0
3	0
3	0
3	0
10	0
5	1
26	0
0	0
2	0
194	1
1	1
1	0
2	0
15	1
0	0
0	0
27	1
12	1
102	2
2	0
3	0
1	0
19	0
0	0
1	0
2	0
2	0
0	0
1	0
15	0
2	0
1	0
5	0
0	0
0	0
1	0
0	0
3	0
10	0
6	2
0	1
2	0
4	0
8	0
1	0
7	4
0	0
1	0
5	0
3	0
3	0
0	0
4	0
7	0
17	1
4	1
13	1
0	0
8	0
0	0
1	0
8	1
0	0
3	0
37	0
8	0
0	0
2	1
1195	0
16	0
5	0
1	0
13	1
18	2
10	0
5	0
13	0
1	0
2	0
8	0
2	0
12	0
2	1
8	1
9	0
3	0
722	56
4	0
2	0
2	1
2	0
1	0
0	0
3	1
2	0
2	0
15	0
6	0
21	1
1	0
1	1
0	0
2	0
0	0
2	0
0	0
9	0
5	0
3	0
4	0
3	0
3	0
3	0
10	2
0	5
1	0
2	1
2	0
2	0
3	5
2	4
17	1
188	102
40	0
36	0
3	0
2	0
9	0
12	0
2	0
0	0
3	0
0	18
0	0
2	0
7	0
0	0
11	2
10	0
8	1
1	0
2	1
1	0
22	0
2	0
14	0
6	0
7	4
72	0
360	101
3	2
3	3
10	0
0	0
0	0
0	0
4	0
5	0
0	1
8	1
13	0
0	0
96	0
4	0
21	0
1	0
1	52
8	0
5	0
5	0
5	0
0	0
418	2
112	2
1	3
1	0
12	0
4	0
8	71
10	8
26	0
1	11
1	0
0	0
22	4
48	0
4	0
3	0
8	0
11	0
0	0
52	0
127	6
70	1
38	0
2	0
2	0
21	3
14	3
3	0
13	0
1	0
1	0
8	0
7	0
0	0
67	1
5	0
5	7
29	0
4	0
0	0
2	0
1	0
9	1
28	2
3	2
1	0
48	2
19	0
44	0
21	1
8	0
34	0
67	0
7	0
8	0
2	0
1	0
79	1
12	0
4	0
1	0
1	0
2	0
6	0
1	0
19	0
11	0
8	0
48	0
6	0
2	0
6	0
7	0
6	0
8	0
9	0
34	0
14	0
0	0
9	0
5	0
30	0
33	0
2	0
7	0
16	0
3	0
3	0
8	0
13	0
8	0
3	0
9	0
7	0
23	0
2	0
0	0
24	0
9	0
4	0
14	0
29	0
6	0
11	0
1	0
32	0
63	10
0	23
19	0
6	0
7	0
22	0
5	0
10	0
0	23
19	0
2	0
4	0
35	0
7	0
2	0
0	0
1	0
3	0
7	0
7	0
0	0
0	0
0	0
8	0
0	0
1	0
2	0
1	0
0	0
0	0
0	0
2	0
4	0
0	0
0	0
0	0
0	0
0	0
0	0
0	0
2	0
4	0
0	0
2	0
15	0
2	0
0	0
5	0
6	0
0	0
0	0
0	0
1	0
1	0
1	0
0	0
2	0
0	0
0	0
0	0
0	0
3	1
39	0
15	0
35	0
28	0
42	0
10	0
5	0
6	0
1	0
4	0
5	0
18	0
21	0
3	0
18	0
8	0
13	0
20	0
6	0
27	0
2	0
4	0
5	0
10	0
40	0
7	0
5	0
5	0
10	0
61	1
2	0
7	0
7	0
7	0
17	0
10	0
6	0
9	0
11	0
7	0
8	1
6	1
11	0
40	0
35	0
3	0
9	0
3	0
3	0
10	0
33	0
3	0
9	0
11	0
35	0
32	0
18	0
22	1
26	1
3	0
6	0
6	0
10	0
3	0
27	0
5	0
8	0
11	0
5	0
3	0
2	0
17	0
7	0
5	0
4	0
4	0
8	0
7	0
12	0
8	0
0	0
9	0
0	0
0	0
1	0
7	0
16	0
1	0
2	0
1	0
18	0
1	0
2	0
0	0
0	0
0	0
2	0
0	0
2	0
0	0
4	0
5	0
2	0
1	0
1	0
14	0
3	0
0	0
0	0
1	0
1	0
5	0
3	0
0	0
1	0
2	0
11	0
13	1
1	0
2	0
1	0
0	0
7	0
2	0
8	0
1	0
6	1
1	0
3	0
7	0
5	0
2	0
8	0
7	0
10	0
3	0
4	0
2	0
14	1
19	16
8	0
10	1
0	0
0	0
0	1
5	1
3	0
6	0
0	0
2	0
1	0
2	0
18	0
3	0
2	0
0	0
1	0
3	0
0	0
2	0
0	0
4	0
0	0
2	0
12	0
5	0
5	0
9	0
0	0
1	0
5	0
13	0
3	0
6	0
1	0
0	0
5	0
0	0
6	0
0	0
6	0
0	0
11	0
1	0
5	0
0	0
1	0
9	0
15	0
10	0
0	0
2	0
0	0
1	0
0	0
1	0
0	0
1	0
5	0
5	0
1	0
8	0
0	0
2	0
3	0
0	0
0	0
4	0
3	0
0	0
0	0
0	0
0	1
5	0
0	0
2	0
14	0
0	0
0	0
2	0
4	0
2	0
2	0
1	0
3	0
5	0
21	1
1	1
7	0
0	0
1	0
3	0
4	0
0	0
4	0
4	0
1	0
3	0
2	0
2	0
6	0
3	0
1	0
0	0
1	0
1	0
4	1
4	0
1	0
0	0
1	0
2	0
6	0
2	0
0	0
0	0
2	1
1	0
2	0
0	0
0	0
5	0
2	0
4	1
0	1
5	0
4	0
2	0
0	0
8	0
3	0
1	0
2	0
1	0
0	0
1	0
0	0
0	0
3	0
0	0
1	0
9	0
2	0
3	1
8	1
0	0
2	0
0	0
0	0
2	0
5	0
0	0
1	0
0	0
13	0
1	0
0	0
0	0
1	0
3	0
0	0
4	0
2	0
3	0
0	0
6	0
5	0
3	0
0	0
3	0
0	0
0	0
1	0
3	0
7	0
7	0
2	0
7	0
1	0
2	0
0	0
1	0
17	0
6	0
2	0
2	0
6	0
2	0
1	0
10	0
0	0
3	0
0	0
4	0
0	0
1	0
3	0
0	0
1	0
0	0
0	0
0	0
2	0
4	0
0	0
0	0
3	0
3	0
0	0
0	0
2	0
0	0
0	0
0	0
0	0
46	0
31	0
23	0
36	0
24	0
12	0
74	1
31	1
78	0
26	0
18	0
230	3
41	0
50	0
40	0
22	0
28	0
30	0
50	0
49	1
71	0
57	0
21	0
23	0
40	0
74	0
143	0
110	0
4	0
73	2
42	3
33	3
30	0
15	0
40	0
18	0
70	0
29	0
50	0
25	2
28	0
11	0
28	0
39	0
52	2
39	0
34	0
14	0
65	0
28	16
31	0
52	0
58	0
37	1
26	0
41	0
59	0
45	0
16	0
43	0
39	1
18	0
78	0
43	0
19	0
46	14
36	0
35	0
35	0
16	0
26	0
11	0
61	0
56	0
47	0
21	0
20	0
26	0
19	0
25	0
37	0
30	1
36	1
31	0
21	0
21	0
91	1
26	0
42	0
95	0
54	0
139	8
34	0
22	0
34	2
22	0
16	0
54	0
19	0
10	0
38	0
28	0
14	0
28	0
102	0
26	0
12	0
39	0
34	0
26	0
70	9
20	0
20	0
22	0
29	0
14	0
24	0
25	0
35	1
16	0
32	2
19	0
22	1
39	0
19	0
27	0
37	0
25	1
28	1
15	1
74	2
39	0
30	0
7	0
18	0
46	0
31	3
70	3
44	1
24	1
12	0
25	0
105	0
48	1
40	0
22	0
18	0
10	0
121	0
46	1
31	0
28	0
46	0
24	0
32	0
80	0
38	0
15	0
32	0
35	0
9	0
8	2
21	0
75	0
47	0
9	0
37	0
39	0
56	0
85	0
34	0
23	0
16	0
25	0
16	0
30	0
23	0
79	0
106	0
41	0
13	0
21	0
20	0
25	0
27	0
17	0
37	0
11	0
46	0
12	1
6	1
30	0
7	0
13	0
19	0
20	0
10	0
7	0
3	0
27	0
19	0
44	0
6	0
2	0
2	0
10	0
2	0
11	0
22	0
6	0
6	0
4	0
12	0
10	0
10	0
16	17
16	0
17	2
11	5
1	0
1	0
0	0
6	0
6	0
14	0
2	0
26	0
7	0
1	0
7	0
11	1
19	0
1	0
3	0
3	0
3	0
19	0
13	0
19	9
9	12
3	0
1	0
12	0
43	0
12	0
7	1
47	0
8	0
2	0
5	0
11	0
12	0
44	0
9	0
3	0
2	0
5	0
6	1
5	0
28	0
4	0
12	0
14	0
13	0
20	0
33	0
2	0
3	0
22	0
9	0
6	0
4	0
3	0
6	5
1	0
5	0
3	0
48	0
19	0
31	0
3	0
2	0
21	1
1	0
4	0
7	0
9	0
7	0
18	0
35	0
17	0
33	0
9	0
44	0
9	0
13	0
2	0
7	0
6	0
8	0
1	0
5	0
0	0
0	0
2	0
43	0
11	0
2	0
0	0
2	0
8	1
9	1
11	0
36	0
14	0
1	0
5	0
1	0
2	0
20	0
3	0
14	0
2	0
19	0
7	0
12	7
6	0
4	0
17	0
5	0
6	15
11	15
8	0
13	1
6	0
11	0
10	2
17	1
3	0
10	0
12	0
17	0
29	0
3	0
0	0
26	0
4	0
0	0
8	0
13	0
2	0
9	0
2	0
1	0
9	0
2	0
10	0
14	1
1	2
1	0
23	0
1	0
2	0
5	0
6	0
8	0
7	1
11	0
5	0
14	11
15	0
5	0
14	0
0	0
2	0
6	0
6	0
7	0
14	0
2	0
0	1
9	0
4	0
27	1
5	0
0	0
31	0
7	0
80	0
19	0
8	0
15	0
15	0
4	0
3	0
35	0
6	0
17	0
3	0
3	0
9	0
3	0
4	0
11	0
10	0
4	0
3	0
2	0
26	0
0	0
0	0
5	0
0	0
3	0
3	0
4	0
5	0
22	0
0	0
379	0
345	0
93	0
175	5
257	0
247	0
277	0
211	0
276	0
301	0
149	0
2	0
7	0
5	0
1	0
1	0
0	0
9	0
3	0
1	0
1	0
4	0
4	0
17	0
2	0
10	0
5	0
2	0
1	0
10	0
2	0
6	0
6	0
1	0
1	0
15	0
8	1
3	0
15	0
6	0
4	0
0	0
5	0
34	0
2	0
9	0
0	0
11	0
145	0
1	0
17	0
1	0
8	1
7	0
1	0
2	0
3	0
5	0
6	0
0	0
0	0
2	0
4	0
6	0
32	0
7	0
0	0
4	0
0	0
0	0
42	0
3	0
2	0
22	1
6	0
11	1
0	0
1	0
4	0
2	0
0	0
5	0
14	0
3	0
12	0
1	0
4	0
3	0
3	0
1	0
20	0
5	0
4	0
12	0
3	0
4	0
3	0
1	0
3	0
1	0
3	0
0	0
4	0
13	0
4	0
3	0
2	0
12	0
5	0
33	0
20	0
10	0
1	0
7	0
5	0
2	0
7	6
2	0
20	0
3	0
0	0
6	0
9	0
4	0
0	0
0	0
5	0
5	0
6	0
3	0
2	0
2	0
0	0
2	0
3	0
3	0
1	0
6	0
0	0
1	0
36	0
2	0
1	0
0	1
22	0
10	0
3	0
2	0
5	0
1	0
2	0
1	0
3	0
2	0
6	0
4	0
4	0
3	0
2	0
0	0
3	0
2	0
4	0
2	0
7	0
0	0
0	0
1	0
2	0
1	2
2	0
0	0
5	0
1	0
1	0
0	0
4	0
4	0
0	0
15	0
22	0
1	0
1	0
1	0
2	0
2	0
3	0
8	0
5	0
0	0
4	0
22	0
10	0
0	0
11	0
4	0
3	0
2	0
2	0
4	0
6	0
5	0
1	0
26	0
1	0
0	0
8	0
3	0
5	0
17	0
11	0
2	0
25	0
8	0
3	0
0	0
4	0
1	0
4	0
0	0
1	0
1	0
7	0
7	0
5	0
1	0
3	0
14	0
4	0
10	0
3	0
4	0
26	0
19	0
0	0
0	0
0	0
15	0
38	0
9	0
31	0
1	0
0	0
14	0
0	0
1	0
1	0
10	0
1	0
22	1
41	0
3	0
1	0
18	0
1	0
1	0
1	0
16	0
6	0
5	0
145	1
3	0
2	0
4	0
1	0
4	2
5	0
10	0
20	1
13	0
3	0
1	0
1	0
4	0
4	0
17	1
10	0
2	0
31	0
61	1
40	0
1	0
16	2
13	0
3	0
38	0
3	0
0	0
7	3
32	0
13	0
6	0
2	0
2	0
0	0
21	0
3	0
0	0
15	0
41	0
3	0
2	0
5	0
1	0
6	0
8	1
5	0
4	0
1	0
2	0
4	0
1	0
8	0
3	0
19	0
8	0
2	0
7	0
15	0
2	0
1	0
3	0
2	0
2	0
6	0
1	0
1	0
7	0
8	0
2	0
1	0
12	0
1	0
0	0
28	0
6	0
12	0
1	0
23	0
2	0
2	0
212	0
161	0
77	0
140	0
86	0
58	0
30	0
87	0
103	0
54	0
126	0
150	20
51	0
46	0
5	0
2	0
91	0
2	0
1	0
27	0
3	0
18	0
50	9
13	0
13	0
31	0
23	0
164	0
2	0
6	0
4	0
5	0
17	0
1	0
9	0
22	1
30	0
54	1
16	14
9	0
6	0
9	0
2	0
10	0
21	0
12	0
272	24
200	53
5	0
12	0
5	0
2	0
16	0
18	0
19	0
4	0
11	0
3	0
13	0
13	0
18	0
13	0
23	3
14	0
9	2
6	0
42	0
20	0
1	0
8	0
19	0
10	0
4	0
5	0
40	0
7	0
14	0
2	0
3	0
13	0
10	0
7	0
11	0
25	0
37	0
0	0
2	0
4	0
20	0
4	0
5	0
21	0
22	3
10	0
2	0
6	0
8	0
2	0
6	0
6	0
5	0
4	0
6	0
4	0
7	0
2	0
5	0
6	0
36	7
22	0
4	0
3	0
3	0
31	0
2	0
1	0
3	0
0	0
5	0
4	0
55	0
1	0
19	0
3	0
46	0
4	0
13	0
9	0
5	0
2	0
5	0
6	0
3	0
2	0
10	0
3	0
2	0
2	0
0	0
1	0
3	0
0	0
7	0
2	0
4	0
1	0
0	0
0	0
5	0
1	0
0	0
0	0
7	0
1	0
1	0
3	0
1	0
21	0
0	0
0	0
0	0
0	0
1	0
2	0
11	0
1	0
0	0
0	0
2	0
0	0
1	0
0	0
3	0
2	0
2	0
5	0
0	0
1	0
0	0
1	0
0	0
0	0
6	0
1	0
5	0
1	0
0	0
1	0
0	0
0	0
1	0
0	0
0	0
0	0
1	0
7	0
0	0
1	1
0	0
8	0
2	0
2	0
4	0
4	0
3	0
1	0
7	0
10	0
2	0
2	0
14	0
5	0
1	0
11	0
1	0
2	0
1	0
4	0
9	0
13	0
7	0
4	0
3	0
8	1
2	0
1	0
3	0
4	0
3	3
49	0
15	0
4	0
27	1
11	0
33	0
20	14
10	0
2	0
95	1
19	0
21	1
9	3
21	0
51	18
24	0
10	0
13	0
54	0
8	0
192	1
39	0
18	0
5	0
40	0
24	0
47	0
18	3
41	0
1	0
35	1
12	0
3	0
16	1
47	1
12	0
7	0
8	0
25	1
2	0
18	0
35	8
18	0
0	0
23	0
5	0
37	0
25	1
19	0
3	0
74	0
25	0
22	0
7	0
29	0
17	0
20	0
10	0
5	0
6	0
17	1
5	0
7	0
20	0
3	0
1	0
3	0
18	0
11	0
8	0
5	0
11	0
12	0
10	0
10	0
20	0
9	0
10	0
11	0
18	0
25	0
47	0
10	0
217	16
26	0
24	0
0	0
6	0
5	0
9	0
17	0
6	0
12	0
4	0
13	0
18	0
2	0
20	0
8	0
30	1
22	0
19	0
4	0
5	0
8	0
3	2
10	2
14	0
13	0
43	0
79	0
38	60
16	0
3	0
7	0
70	0
53	0
8	0
3	0
7	0
9	0
5	0
20	0
4	0
28	0
11	0
81	0
11	0
6	0
14	0
7	0
3	0
3	0
52	7
6	0
4	0
27	0
13	0
14	0
19	0
27	5
11	5
4	0
17	0
120	2
56	0
5	0
5	0
14	0
24	0
39	0
13	0
0	0
4	0
1	0
17	0
25	3
38	5
4	0
18	0
80	0
21	60
20	0
8	0
13	0
5	0
28	0
44	0
11	0
3	2
31	0
9	0
3	0
9	0
9	0
25	0
10	0
7	0
6	0
5	0
3	0
2	0
31	0
10	0
1	2
46	0
21	0
4	2
2	2
9	0
4	1
10	0
9	0
6	0
16	0
1	0
10	0
4	0
6	0
0	0
17	0
18	0
8	0
11	0
5	0
25	0
8	0
12	0
11	0
8	0
7	0
14	0
19	0
19	0
5	0
10	0
33	0
5	0
96	0
5	0
10	0
11	0
14	0
26	0
5	0
30	0
3	0
10	0
28	0
16	0
13	0
8	0
40	0
6	0
10	0
4	0
10	0
14	0
16	0
9	0
6	0
41	22
5	0
2464	132
14	0
20	0
9	0
31	0
8	0
12	0
7	0
55	0
56	0
71	0
8	0
34	0
43	0
17	0
12	0
21	0
27	0
9	0
3	0
13	0
21	0
11	0
1	0
5	0
12	0
32	0
1	0
9	0
3	0
3	0
9	0
37	0
26	0
31	0
22	0
7	0
6	0
28	0
23	0
7	0
13	0
7	0
10	0
21	0
14	0
14	0
8	0
28	0
4	0
8	0
5	0
4	0
14	0
11	0
11	0
7	0
15	0
13	0
12	0
56	0
6	0
11	0
4	1
17	0
12	0
9	0
2	0
3	0
13	0
6	0
5	0
3	0
0	0
2	0
4	0
2	0
0	0
217	2
0	0
0	0
2	0
1	0
0	0
0	0
1	0
80	0
188	0
106	0
110	0
103	0
78	0
108	0
108	0
123	0
89	0
213	4
82	0
124	1
127	0
155	0
64	0
113	0
146	1
56	8
101	0
74	3
206	0
49	0
119	0
175	1
108	0
217	0
179	2
77	0
390	0
64	0
72	0
78	0
182	13
34	12
200	1
144	1
109	0
305	0
198	0
252	1
77	0
85	11
101	0
59	0
129	0
107	0
72	0
237	0
163	0
83	2
148	2
64	0
163	0
118	0
166	6
85	0
131	0
158	0
89	0
163	0
106	0
122	0
52	0
46	0
113	0
321	0
286	0
154	0
118	0
238	0
133	0
57	0
268	6
193	0
73	0
302	0
81	0
63	0
49	0
66	0
43	0
48	0
82	0
46	0
110	0
39	0
40	0
47	0
36	0
240	0
43	0
28	0
40	3
97	3
32	0
145	0
46	0
58	0
32	0
57	0
70	0
35	0
103	0
80	0
27	0
20	0
32	0
301	0
82	22
41	0
172	0
57	0
22	0
29	0
133	0
73	0
99	0
98	0
52	0
67	0
25	0
32	0
40	0
217	0
99	0
33	0
140	16
3	0
4	0
2	0
8	0
6	0
3	0
4	0
3	0
0	0
3	0
1	0
3	0
4	0
1	0
0	0
3	0
1	0
1	0
1	0
1	0
0	0
0	0
1	0
0	0
2	0
6	0
0	0
44	0
3	0
0	0
1	0
1	0
0	0
18	0
1	0
4	0
6	0
1	0
0	0
1	0
1	0
1	0
0	0
1	0
0	0
0	0
1	0
2	0
2	0
0	0
6	0
1	0
0	0
0	0
0	0
2	0
1	0
8	0
2	0
6	0
11	0
3	0
0	0
23	0
3	0
2	0
0	0
0	0
16	7
26	1
20	0
17	0
9	0
3	0
134	0
103	0
10	0
0	0
5	0
2	0
5	0
10	0
105	0
21	0
2	0
7	0
21	0
2	0
4	0
11	0
2	0
7	0
3	0
14	1
8	0
15	0
0	0
5	0
9	0
4	0
6	0
7	1
3	0
5	1
9	0
0	0
12	0
3	0
2	0
1	0
2	0
0	0
21	0
6	1
15	0
28	1
25	0
9	0
2	0
21	0
18	0
18	0
14	0
10	0
3	0
8	0
14	0
17	0
11	0
14	0
25	1
5	0
13	0
9	0
11	0
8	0
17	0
14	0
9	0
7	0
16	1
15	0
9	0
2	0
6	0
4	0
3	0
2	0
2	0
0	0
2	0
2	0
15	0
3	0
2	0
3	0
0	0
0	0
2	0
2	0
19	0
1	0
1	0
3	0
3	0
2	0
2	0
0	0
0	0
2	0
10	0
8	0
1	0
3	0
3	0
1	0
7	0
1	0
0	0
0	0
0	0
0	0
11	0
0	0
1	0
1	0
3	0
3	0
3	0
4	0
0	0
3	0
1	2
0	0
3	0
1	0
0	0
0	0
7	0
0	0
2	0
1	0
2	0
0	0
2	0
0	0
1	0
0	0
0	2
0	0
1	0
0	0
3	0
5	0
0	0
1	0
1	0
2	0
0	0
0	1
3	1
9	0
36	0
0	0
47	0
1	0
0	0
0	0
2	0
1	0
0	0
3	0
7	0
3	0
1	0
1	0
9	2
5	0
0	0
0	0
2	0
8	0
0	0
2	0
7	0
6	0
1	0
0	0
1	0
5	0
1	0
0	0
0	0
0	0
1	0
2	0
6	0
3	0
0	0
0	0
3	0
0	0
0	0
16	0
0	0
1	0
4	0
0	0
3	0
5	0
2	0
0	0
0	0
0	0
1	0
2	0
0	0
1	0
3	0
1	0
6	0
1	0
12	0
0	0
0	0
8	0
0	0
0	0
0	0
3	0
1	0
0	0
2	0
4	0
0	0
1	0
0	0
0	0
0	0
1	0
2	0
2	0
0	0
0	0
2	0
0	0
0	0
0	0
5	0
2	0
3	0
4	2
0	0
0	0
0	0
1	0
2	0
2	0
1	0
0	0
0	0
2	0
2	0
1	0
0	0
0	0
0	0
1	0
1	0
2	0
0	0
2	0
5	0
1	0
4	0
7	0
3	0
10	0
0	0
0	0
1	0
2	0
8	0
1	0
0	0
1	0
19	0
2	0
2	0
3	0
0	0
4	0
1	0
1	0
4	0
2	0
1	0
3	0
0	0
1	0
0	0
14	0
0	0
12	1
3	0
1	0
1	0
2	0
2	0
9	0
0	0
2	0
5	0
2	0
5	0
7	0
6	0
0	0
2	0
6	0
4	0
2	1
3	0
9	0
1	0
1	0
3	0
3	0
1	0
13	0
14	0
3	0
0	0
1	0
2	0
0	0
1	0
2	1
0	1
6	0
2	0
1	0
3	0
6	0
5	0
1	0
5	0
4	0
0	0
1	0
0	0
2	0
1	0
0	0
3	0
2	0
5	0
5	0
2	0
7	0
9	0
3	0
9	0
3	0
0	0
0	0
8	0
2	0
2	0
0	0
3	0
2	0
0	0
0	0
4	0
28	0
11	0
0	0
10	0
3	0
2	0
0	2
2	2
2	0
0	0
1	0
0	0
5	0
0	0
7	0
0	0
0	0
1	0
3	0
1	0
1	0
4	0
1	0
4	0
6	0
1	0
5	0
3	0
2	0
2	0
0	0
4	0
5	0
0	0
5	0
2	0
3	0
5	0
3	0
2	0
1	0
3	0
8	0
0	0
0	0
1	0
1	0
0	0
2	0
1	0
3	1
0	0
4	0
21	0
3	0
3	0
2	0
0	5
10	1
2	0
2	0
4	0
13	1
5	2
8	0
5	0
4	0
2	2
3	0
2	0
4	0
0	0
4	0
4	0
2	0
24	3
9	1
15	0
45	0
14	0
29	5
5	7
5	2
7	0
5	0
9	0
10	0
15	0
4	0
14	0
3	0
30	0
20	0
0	0
5	0
0	0
5	0
6	0
7	0
10	0
2	0
14	0
7	0
26	0
14	0
35	0
13	0
15	0
26	0
11	0
12	0
8	0
8	0
34	0
45	1
11	0
18	0
25	0
17	0
35	0
12	0
19	0
17	0
17	0
25	0
76	0
141	0
108	0
19	0
52	0
33	0
22	0
32	0
27	0
22	0
68	0
73	0
57	0
105	0
33	0
29	0
20	0
74	0
20	0
24	0
57	0
13	0
65	0
66	0
44	0
86	0
93	0
36	0
63	0
39	0
14	0
63	0
52	0
128	0
39	0
23	0
24	0
43	0
27	0
85	4
91	0
35	0
49	0
51	0
16	0
28	0
92	0
73	0
50	0
34	0
32	0
31	0
48	0
37	0
33	0
39	0
69	0
128	0
28	0
13	0
83	0
1006	0
47	0
28	0
52	0
19	0
91	0
27	0
44	0
31	0
52	0
67	0
57	0
55	0
26	0
60	0
151	1
63	0
81	0
82	0
6	0
63	0
24	0
14	0
46	0
9	0
37	0
5	0
4	0
11	0
3	0
7	0
3	0
6	0
4	0
3	0
13	0
1	0
1	0
4	0
9	0
4	0
14	0
10	0
0	0
6	0
14	0
13	0
11	0
8	0
3	0
9	0
89	1
16	0
15	0
27	0
18	0
21	2
2	0
24	0
12	0
11	0
13	0
16	0
29	0
2	0
26	0
35	0
16	0
17	0
13	0
14	0
5	0
12	0
27	0
16	0
28	0
21	0
7	0
17	0
12	0
19	0
9	0
8	0
5	0
26	0
16	0
8	0
23	0
25	0
8	0
16	0
22	0
17	0
36	0
13	0
7	0
10	0
2	0
13	0
9	0
37	0
0	0
0	0
8	0
3	0
10	0
4	0
1	0
0	0
1	0
0	0
1	0
2	0
2	0
5	0
3	0
3	0
0	0
1	0
4	0
1	0
2	0
0	0
0	0
7	0
0	0
1	0
0	0
7	0
2	0
2	0
0	0
0	0
8	0
29	0
0	0
0	0
2	0
2	0
0	0
12	0
8	0
3	0
7	0
5	0
1	0
8	0
1	0
0	0
2	0
0	0
0	0
0	0
4	0
4	0
0	0
3	0
0	0
1	0
0	0
3	0
1	0
0	0
2	0
1	0
6	0
2	0
2	0
0	0
9	0
5	0
0	0
1	0
1	0
1	0
1	0
1	0
1	0
6	0
3	0
9	0
1	0
149	1
64	0
116	0
31	0
14	0
17	0
17	0
25	0
22	0
41	0
18	0
18	0
10	0
20	0
28	0
22	0
32	0
15	0
57	0
26	0
57	0
28	0
27	0
33	0
64	0
16	0
22	0
31	0
42	0
34	0
31	0
54	0
25	0
18	0
18	0
11	0
99	0
20	0
33	0
44	0
18	0
50	0
38	0
32	0
24	0
86	0
16	0
29	0
26	0
34	0
13	0
42	0
52	0
105	0
11	0
16	0
63	0
18	0
23	0
77	0
22	0
81	0
35	0
113	0
60	0
28	0
34	0
72	0
54	0
16	0
64	0
20	0
14	0
18	0
34	0
34	0
52	0
15	0
19	0
31	0
10	0
61	0
70	6
20	0
29	0
28	0
18	0
22	0
15	0
14	0
28	0
39	0
44	0
34	0
23	0
18	0
52	0
15	0
21	0
27	0
26	0
28	0
20	0
56	0
15	0
40	0
20	0
33	0
19	0
12	0
31	0
7	0
19	0
20	0
24	0
15	0
10	0
15	0
35	0
16	0
10	0
22	0
12	0
6	0
17	0
9	0
198	0
62	0
80	0
54	2
52	0
90	0
32	0
67	0
39	0
40	1
111	0
35	0
1	0
1	0
3	0
85	1
1	0
4	0
3	0
7	0
2	0
25	0
40	0
79	0
107	23
31	0
113	8
36	0
32	0
31	0
67	0
21	0
69	0
31	0
30	0
35	0
58	0
43	0
21	0
11	0
62	4
406	19
49	0
37	16
38	0
61	0
23	0
106	13
91	0
17	0
69	0
18	0
52	0
61	0
18	0
37	0
36	1
27	0
32	0
45	0
93	0
38	0
76	0
23	1
24	0
440	5
40	0
43	0
79	0
159	0
196	1
244	0
27	0
13	0
37	0
54	0
32	0
21	0
13	0
125	24
30	0
48	0
38	0
34	0
44	0
40	0
69	0
9	0
296	0
25	0
59	1
34	0
52	0
52	0
33	0
26	0
30	0
18	0
42	0
34	0
23	0
29	0
21	0
23	0
17	0
33	0
29	0
139	1
82	1
35	0
65	0
421	25
26	0
17	0
43	0
24	0
48	13
56	0
47	0
34	0
108	0
79	0
40	0
92	0
30	0
36	0
6	0
98	4
48	0
20	0
63	0
27	0
20	0
19	0
40	0
28	0
10	0
23	0
23	0
209	2
81	0
55	1
18	0
21	0
97	23
18	0
189	6
47	1
34	3
61	0
26	0
40	0
51	0
106	0
73	0
71	0
20	0
140	0
21	0
32	0
34	0
5	0
66	0
92	0
88	7
29	0
34	0
26	0
46	0
37	0
33	0
4	0
1	0
0	0
3	0
6	0
3	0
2	0
0	0
1	0
5	0
11	0
2	0
1	0
1	0
11	0
3	0
0	0
4	0
8	0
1	0
0	0
1	0
1	0
0	0
1	0
0	0
2	0
3	0
3	0
2	0
4	0
0	0
5	0
1	0
16	0
2	0
2	0
10	0
9	0
0	0
1	0
1	0
4	0
6	0
0	0
0	0
2	0
1	0
5	0
1	0
1	0
0	0
14	0
3	0
3	4
4	0
0	0
6	0
2	0
2	0
1	0
1	0
1	0
0	0
1	0
0	0
3	0
2	0
6	0
0	0
5	0
0	0
6	0
0	0
3	0
1	0
33	0
0	0
4	0
2	0
3	0
3	0
1	0
6	0
1	0
1	0
2	0
0	0
17	0
4	0
2	0
24	0
3	0
2	0
0	0
0	0
1	0
1	0
0	0
1	0
4	0
15	0
11	0
1	0
9	0
8	0
3	0
4	0
3	0
1	0
3	0
2	0
7	0
4	0
6	0
2	0
7	0
1	0
12	0
3	0
15	0
4	0
13	0
5	0
6	0
2	0
5	0
3	0
2	0
6	0
63	0
1	0
0	0
1	0
26	0
0	0
12	0
1	0
0	0
0	0
9	0
1	0
6	0
3	0
0	0
1	0
0	0
0	0
29	0
1	0
2	0
4	0
2	0
3	0
11	0
12	0
5	0
9	0
1	0
1	0
1	0
6	0
9	0
6	0
1	0
2	0
1	0
0	0
9	0
2	0
1	0
8	0
1	0
9	0
2	0
0	0
7	0
30	1
4	0
3	0
0	0
3	0
18	0
0	0
3	0
4	0
4	0
12	0
11	0
10	0
2	0
1	0
18	0
4	0
0	0
0	0
0	0
1	0
17	1
0	0
3	0
1	0
1	0
4	0
3	0
9	0
8	0
3	0
4	0
0	0
0	0
2	0
1	0
5	0
1	0
8	0
0	0
0	0
3	0
0	0
9	0
4	0
0	0
6	0
6	2
0	0
1	0
2	0
3	0
3	0
7	0
12	0
4	0
4	0
2	0
4	0
6	0
4	0
0	0
18	0
3	0
0	0
1	0
0	0
2	0
1	0
5	0
0	0
47	0
3	0
0	0
7	2
7	0
5	0
0	0
0	0
0	0
6	0
16	0
5	0
4	0
5	0
0	0
1	0
3	0
0	0
10	0
4	0
2	0
2	0
8	0
2	0
6	0
3	0
0	0
5	0
3	0
0	0
13	0
0	0
16	0
6	0
0	0
3	0
1	0
2	0
3	0
4	0
2	0
4	0
0	0
7	0
1	0
1	0
1	0
4	0
3	0
5	0
1	0
3	0
13	0
3	0
5	0
7	0
1	0
5	0
4	0
2	0
0	0
30	0
7	0
22	0
10	0
8	0
13	0
6	0
31	0
36	1
46	0
28	0
8	0
8	0
21	0
17	0
4	0
11	0
8	0
88	0
73	0
247	3
165	1
101	0
136	0
177	0
44	0
9	0
4	0
8	0
12	0
6	0
6	0
8	0
12	0
1	0
10	0
15	0
5	0
42	0
26	0
12	0
2	0
4	0
4	0
17	0
17	0
3	0
2	0
9	0
6	0
3	0
6	0
10	0
0	0
22	0
8	0
3	0
37	0
9	0
23	0
7	0
10	0
16	0
23	0
11	0
13	0
7	0
6	0
6	0
10	0
0	0
5	0
11	0
2	0
0	0
15	0
7	0
3	0
5	0
28	0
16	0
3	0
3	0
4	0
4	0
0	0
0	0
5	0
3	0
3	0
1	0
10	0
7	0
4	0
6	0
86	0
29	0
44	0
33	0
81	0
182	0
49	0
27	0
43	0
12	0
23	0
32	0
23	0
24	0
63	0
27	0
37	0
49	0
50	2
102	2
45	0
35	0
43	0
36	0
39	0
15	0
39	0
25	0
68	0
40	0
26	0
13	0
21	2
7	2
0	0
0	0
3	0
3	0
3	0
1	0
5	0
6	0
0	0
0	0
1	0
3	0
50	0
4	0
2	0
5	0
5	0
4	0
3	0
4	0
6	0
0	0
4	0
1	0
0	0
0	0
4	0
0	0
14	0
2	0
4	0
70	79
0	0
0	0
0	0
1	0
10	79
2	0
0	0
160	0
124	0
235	3
110	0
160	0
15	116
131	0
219	0
364	0
192	0
94	0
79	1
90	0
148	0
136	0
164	0
194	0
118	0
153	0
384	0
80	1
250	0
202	0
98	0
111	0
68	0
101	0
129	0
244	0
124	0
162	0
137	0
163	0
238	0
75	0
144	0
25	0
2	0
4	0
0	0
1	0
13	0
0	0
0	0
7	0
0	1
7	1
0	0
1	0
0	0
7	0
5	0
4	0
0	0
17	0
0	0
0	0
3	0
1	0
4	0
7	0
5	0
10	0
2	0
1	0
4	0
1	0
0	0
1	0
6	0
0	0
0	0
3	0
5	0
4	0
1	0
27	0
0	0
2	0
20	0
0	0
5	0
9	0
2	0
7	0
6	0
2	0
4	0
2	0
0	0
4	0
3	0
3	0
1	0
0	0
4	0
0	0
0	0
0	0
0	0
3	0
0	0
1	0
2	0
0	0
7	0
8	0
0	0
0	0
16	0
1	0
1	0
1	0
1	0
0	0
0	0
0	0
5	0
11	0
40	0
0	0
0	0
2	0
2	0
0	0
0	0
2	0
5	0
2	0
0	0
6	0
19	0
1	0
0	0
11	0
3	0
6	0
0	4
3	4
15	0
0	0
3	0
1	0
5	0
0	0
3	0
1	0
0	0
5	0
5	0
6	0
8	0
1	0
0	0
0	0
2	0
9	0
1	0
4	0
0	0
12	0
1	0
15	0
4	0
0	0
25	0
5	0
1	1
0	0
7	0
266	0
4	0
10	0
2	0
0	0
1	0
1	0
0	0
7	0
2	0
3	0
7	0
1	0
8	0
5	0
2	0
1	0
11	1
5	0
0	0
10	0
6	0
0	0
1	0
13	0
1	0
6	0
1	0
0	0
0	0
2	0
16	0
3	0
3	0
2	0
7	0
19	0
3	0
0	0
0	0
5	0
1	8
1	0
4	0
0	0
1	0
2	0
2	0
0	0
47	0
49	0
54	0
38	0
4	0
1	0
1	0
1	0
2	0
2	0
1	0
0	0
1	0
2	0
15	0
0	0
1	0
5	0
0	0
0	0
3	0
0	0
1	0
1	0
4	0
9	0
0	0
2	0
0	0
2	0
2	0
2	0
1	0
0	0
0	0
5	0
0	0
0	0
1	0
9	0
5	0
1	0
0	0
2	0
0	0
0	1
0	0
2	0
0	0
11	0
0	0
0	0
3	0
3	0
1	0
1	0
7	0
3	0
3	0
3	0
2	0
5	0
0	0
1	0
2	0
2	0
0	0
0	0
68	0
0	0
1	0
2	0
0	0
3	0
2	0
0	0
9	0
2	0
0	0
2	0
2	0
6	0
2	0
8	0
3	0
4	0
0	0
1	0
1	0
1	0
0	0
0	0
1	0
0	0
1	0
4	0
3	0
0	0
5	0
1	0
0	0
0	0
1	0
0	0
13	3
0	0
1	0
1	0
12	0
5	0
0	0
0	0
3	0
1	0
0	0
1	0
1	0
0	0
11	0
23	0
17	0
14	0
44	0
29	0
36	0
30	0
33	0
33	0
42	0
28	0
7	0
1	0
3	0
49	0
27	0
43	0
20	0
10	0
2	0
17	0
5	0
20	0
3	0
1	0
2	0
3	0
4	0
3	2
2	0
1	0
2	0
25	0
20	0
39	0
14	0
22	0
20	0
34	0
37	1
21	0
21	0
20	0
31	0
18	0
15	0
28	0
27	0
22	1
14	0
43	0
32	0
49	0
9	0
25	0
19	0
17	0
12	0
23	1
9	0
2	0
11	0
5	0
13	0
10	0
8	0
3	0
5	0
16	0
2	0
7	0
3	0
6	0
16	0
38	0
2	0
11	0
45	0
13	0
11	0
17	0
0	0
11	0
2	0
8	1
8	0
11	0
8	0
8	0
14	0
9	0
16	0
14	0
5	0
1	0
2	0
5	0
1	0
1	0
0	0
1	0
7	0
1	0
10	0
0	0
5	0
4	0
9	0
12	0
6	4
15	0
32	0
0	0
4	0
3	0
9	5
45	8
9	0
8	0
4	0
10	1
2	0
3	0
11	0
8	1
11	11
3	2
5	0
15	0
7	1
14	5
13	0
1	0
4	0
0	0
1	0
0	0
0	0
0	0
0	0
1	0
2	0
2	0
0	0
1	0
0	6
2	6
0	0
0	0
1	0
1	0
0	0
1	0
2	0
0	0
0	0
2	0
0	0
0	0
0	0
0	0
1	0
0	0
0	0
0	0
0	0
1	0
4	0
0	0
0	0
2	0
0	0
0	0
0	0
64	0
16	0
64	0
8	0
27	0
8	0
10	0
10	0
36	0
8	1
1	0
4	0
8	0
3	0
14	0
23	0
1	0
31	0
34	0
2	0
3	0
7	0
14	0
1	0
26	1
21	0
7	0
5	0
3	0
1	0
7	0
8	0
1	0
0	0
2	0
12	0
5	0
29	0
0	0
1	0
31	0
2	0
5	0
3	0
12	0
5	0
30	0
15	0
35	0
36	0
11	0
16	1
26	0
37	0
21	0
29	0
15	0
22	0
30	0
47	0
21	0
18	0
22	0
31	0
11	1
10	1
10	0
20	0
13	0
31	0
16	0
14	0
17	0
8	0
28	0
13	0
13	0
15	0
9	0
35	0
21	0
11	0
6	0
4	0
1	0
4	0
3	0
1	0
1	0
0	0
4	0
7	0
1	0
0	0
1	0
1	0
4	0
6	0
0	0
13	0
8	0
1	0
0	0
1	0
1	0
0	0
0	0
2	0
2	0
0	0
7	0
1	0
1	0
3	0
13	0
1	0
2	0
1	0
2	0
2	0
5	0
6	0
1	0
1	0
2	0
0	0
0	0
0	0
2	0
15	0
23	0
22	0
14	0
10	0
10	0
23	0
17	0
4	0
8	0
22	0
6	0
8	0
9	0
36	0
25	0
25	0
27	0
58	0
17	0
52	0
85	0
96	0
32	0
46	0
47	0
35	0
55	0
23	0
48	0
19	0
75	0
36	0
43	0
60	0
31	0
36	0
21	0
49	0
40	0
62	0
39	0
94	0
47	0
60	1
62	1
44	0
64	0
48	0
51	0
93	0
30	0
28	0
38	0
45	0
57	0
57	0
37	0
52	0
103	0
66	0
53	1
23	1
66	0
46	0
12	0
36	0
75	0
47	0
31	0
91	0
68	0
88	0
58	0
74	0
94	0
40	0
39	0
48	0
28	0
100	0
61	0
138	0
46	0
36	0
24	0
20	0
10	0
12	0
41	0
35	0
33	0
20	0
0	0
3	0
0	0
1	0
2	0
5	0
0	0
5	0
0	0
0	0
0	0
1	0
1	0
0	0
11	0
3	0
1	0
11	0
14	0
3	0
0	0
5	0
0	0
4	0
2	0
4	0
2	0
12	0
1	0
1	0
2	0
2	0
4	0
0	0
1	0
4	0
3	0
3	0
5	0
8	0
0	0
1	0
0	0
2	0
1	0
3	0
3	1
1	0
0	0
1	1
0	1
0	0
5	0
3	0
19	2
4	0
0	0
1	0
0	0
2	0
3	0
0	0
1	0
0	0
1	0
2	0
2	1
5	0
1	0
2	0
6	0
1	0
0	0
0	1
5	0
4	0
0	0
1	0
12	0
14	0
7	0
7	4
1	0
0	0
1	0
15	0
7	0
0	0
4	0
1	0
4	0
1	0
0	0
0	0
6	0
0	0
41	0
38	0
17	0
25	0
25	0
24	0
34	0
23	0
18	0
27	0
22	0
30	0
9	0
25	0
21	0
23	0
23	0
23	0
22	0
50	0
33	0
29	0
12	0
25	0
26	0
37	0
22	0
16	0
16	0
10	0
13	0
35	0
28	0
6	0
15	0
1	0
2	0
1	0
1	0
4	0
7	1
0	0
3	0
2	0
4	0
2	0
0	0
11	0
0	0
1	0
4	0
1	0
14	0
0	0
6	0
1	0
0	0
0	1
3	0
2	0
62	0
69	0
80	0
43	0
38	0
40	0
37	0
51	0
32	0
110	0
58	3
82	0
53	0
44	0
18	0
29	0
40	0
71	0
73	0
49	0
25	0
78	0
35	0
50	0
82	0
44	0
34	0
24	0
48	0
53	0
37	0
27	0
46	0
51	0
64	0
72	0
22	0
3	0
2	0
0	0
0	0
3	0
26	1
21	1
6	0
23	0
0	0
0	0
79	1
5	0
0	0
1	0
11	0
59	0
0	0
30	0
0	0
44	0
5	0
2	0
10	0
0	0
18	0
1	0
6	0
22	0
6	0
1	0
15	0
2	0
17	0
8	0
1	0
4	0
6	0
6	0
0	0
27	0
3	0
0	0
4	0
3	0
1	0
49	0
7	0
17	0
0	0
26	0
11	0
11	0
2	0
2	0
9	0
0	0
4	0
7	0
23	0
36	0
85	0
77	0
4	0
17	0
8	0
1	0
1	0
6	0
19	0
1	0
0	0
3	2
6	2
13	0
0	0
0	0
34	0
6	0
3	0
23	0
69	1
1	0
0	0
2	1
0	0
0	0
0	0
1	0
1	0
47	0
1	0
14	0
0	0
1	0
26	0
3	0
0	0
15	0
11	0
9	0
272	0
34	0
14	2
7	0
31	0
5	0
4	0
1	0
3	0
15	0
29	0
1	0
0	0
5	0
4	0
0	0
1	0
58	0
35	0
9	0
1	0
2	0
4	0
1	0
0	0
0	0
17	0
0	0
4	0
4	0
0	0
2	0
2	0
4	0
4	0
7	0
6	0
7	0
29	0
0	0
19	0
1	0
10	0
1	0
32	0
22	0
20	0
1	1
2	0
0	0
103	0
0	1
17	0
49	0
0	0
0	0
9	0
2	0
22	0
13	0
0	0
1	0
2	0
6	0
2	0
0	0
8	0
12	0
7	0
0	0
22	0
6	0
4	0
7	0
11	0
3	0
3	0
3	0
9	0
5	0
3	0
0	0
4	0
0	0
5	0
18	0
0	0
0	0
2	0
36	0
19	0
32	0
29	0
23	0
0	0
0	0
1	0
5	0
0	0
0	0
1	0
6	0
6	0
3	0
1	0
9	0
1	0
1	0
0	0
12	4
60	0
17	0
1	0
0	0
4	0
4	3
1	0
29	0
8	1
9	0
2	0
0	0
3	0
1	0
34	0
0	0
6	0
135	87
1	0
14	0
0	0
9	0
35	0
91	0
34	0
7	0
3	0
0	0
1	0
0	0
6	0
1	0
2	0
22	0
2	0
9	0
0	0
5	0
0	0
30	0
4	0
7	0
2	0
0	0
7	0
5	0
1	0
5	0
10	5
1	0
12	11
8	0
0	0
0	0
12	0
0	0
9	0
18	0
39	1
61	0
3	0
7	0
2	0
1	3
10	0
19	0
88	0
0	0
14	0
211	0
12	9
0	0
0	0
0	0
0	0
56	1
35	0
24	0
25	0
0	0
6	0
0	1
6	0
1	0
11	0
2	0
1	0
4	0
57	0
3	0
0	0
0	0
1	0
7	0
3	0
294	0
262	29
122	1
2	0
9	0
3	0
2	0
9	0
14	0
0	0
102	0
35	0
22	0
15	0
1	0
1	0
12	0
2	0
1	0
6	0
9	0
2	0
4	0
44	0
66	8
3	0
112	2
1	0
0	0
57	3
4	0
42	0
293	0
2	0
7	5
1	0
4	0
4	0
24	0
2	0
0	0
95	24
0	0
6	0
0	0
4	0
0	0
59	0
0	0
0	0
0	0
1	0
0	0
17	0
1	0
21	0
1	0
4	2
3	0
67	0
37	0
14	0
2	0
23	0
0	0
0	0
0	0
0	14
48	0
18	4
0	0
0	0
7	0
0	0
4	0
3	0
19	0
18	0
0	0
6	0
40	0
19	0
38	0
0	0
1	0
17	0
22	0
4	0
28	0
98	0
0	0
1	0
0	0
3	0
22	0
1	0
0	0
9	0
0	0
0	0
0	0
8	0
16	0
244	0
15	0
2	2
6	0
1	0
0	0
2	0
23	0
9	0
0	0
8	0
4	0
1	0
1	0
61	0
62	0
0	0
2	0
2	0
1	0
6	0
12	0
50	0
0	0
1	0
10	0
35	1
4	0
7	0
13	0
6	0
5	0
3	0
5	0
6	0
108	0
3	0
360	0
0	0
1	0
92	0
1	0
16	0
8	0
5	0
6	0
0	0
31	0
41	4
11	0
0	0
41	0
10	0
1	0
6	0
0	0
1	1
7	1
3	0
22	0
10	0
1	0
15	0
1	0
0	0
0	0
3	0
0	0
3	0
4	0
2	0
7	0
15	0
3	0
12	0
15	0
0	0
3	0
11	0
1	0
0	0
3	0
12	0
3	0
1	0
27	0
3	0
5	0
35	0
2	0
3	0
2	0
17	0
14	1
4	0
5	4
4	0
0	0
1	0
18	0
10	0
1	0
34	2
0	0
12	0
38	0
4	1
20	0
31	0
85	0
7	1
18	0
1	0
2	0
3	0
3	0
17	0
0	0
0	0
3	0
7	0
112	1
0	0
1	0
3	0
43	0
5	0
20	0
10	0
1	0
0	0
0	0
0	0
1	0
27	0
13	0
4	0
1	0
8	0
3	0
30	0
1	0
0	0
1	0
0	0
3	0
11	0
4	1
1	0
8	0
3	0
0	0
0	0
9	0
34	0
1	0
17	0
4	0
3	0
0	0
2	0
2	0
12	0
3	0
1	0
1	0
1	0
33	0
3	0
9	0
12	0
2	0
0	0
1	0
10	1
6	1
6	0
33	0
21	0
2	0
3	0
2	0
4	0
3	0
0	0
4	0
4	0
19	0
1	0
5	0
12	0
3	0
0	0
1	0
1	0
0	1
3	0
10	0
118	0
40	0
3	0
16	0
2	0
0	0
19	0
11	0
0	0
6	0
6	0
0	0
2	0
0	0
4	0
24	0
19	0
14	0
4	0
7	0
42	0
9	0
0	0
1	0
15	2
6	2
1	0
170	5
3	0
10	0
33	0
5	0
21	0
1	0
7	0
1	0
1	0
21	0
31	0
10	3
27	0
0	0
0	0
0	0
0	0
0	0
0	0
5	0
1	0
0	0
14	0
1	0
0	0
2	0
1	0
6	0
5	0
0	0
6	0
0	0
301	0
25	0
0	0
2	0
7	0
29	0
7	0
1	0
20	0
0	0
6	0
69	1
1	0
2	0
12	0
1	0
52	2
3	0
11	0
1	0
0	0
4	0
0	0
7	0
2	0
19	0
84	0
5	0
2	0
11	0
11	0
2	0
0	0
1	0
24	0
80	0
50	0
2	0
20	0
17	0
4	0
1	0
1	0
1	0
0	0
0	0
6	0
0	0
4	0
1	0
0	0
8	0
10	0
1	0
0	0
4	0
20	0
1	0
56	0
2	0
8	0
1	0
0	0
3	0
0	0
60	0
14	0
3	0
15	0
1	0
0	0
1	0
11	0
10	0
19	3
3	0
3	0
63	0
39	4
20	0
2	0
0	0
15	0
15	0
0	0
0	0
3	0
2	0
115	1
0	0
2	0
45	0
4	0
3	0
6	0
0	0
0	0
54	0
23	0
6	0
4	0
0	4
8	0
0	0
3	0
2	0
167	0
0	0
0	0
2	0
9	0
5	0
166	0
0	0
0	0
0	0
43	0
17	0
2	0
3	0
3	0
2	0
1	0
4	0
29	0
1	0
14	0
5	0
11	0
0	0
1	0
19	0
3	0
3	0
12	0
26	0
2	0
5	0
19	0
13	0
7	0
3	0
0	0
3	0
5	0
5	0
2	0
0	0
1	0
0	0
55	0
87	0
1	1
8	0
6	0
1	0
4	0
123	2
26	0
9	0
9	0
0	0
6	0
1	0
0	0
13	0
2	0
14	0
5	0
3	0
39	0
6	0
26	0
5	0
0	0
0	0
0	0
7	0
10	0
27	0
7	0
63	2
21	0
0	0
15	0
5	0
0	0
1	0
15	0
90	0
0	0
5	0
5	0
712	4
3	0
3	0
30	0
1	0
0	0
15	0
5	0
13	0
30	0
132	0
0	0
5	0
2	0
6	0
8	0
0	0
6	0
50	0
3	0
37	0
3	0
41	0
31	1
77	0
21	0
0	0
0	0
1	0
0	0
0	0
0	0
6	0
12	0
1	0
3	0
0	0
9	0
4	0
1	0
0	0
7	0
1	0
4	0
0	0
12	0
0	0
0	0
3	0
0	0
0	0
25	0
2	0
2	0
1	0
6	0
6	0
5	0
1	0
2	0
4	0
8	0
12	0
9	0
4	0
1	0
5	0
36	3
18	0
15	2
54	0
11	1
7	0
0	0
47	2
1	0
1	0
5	0
1	0
1	0
17	0
7	0
6	0
16	0
129	0
8	0
3	0
1	0
38	0
1	0
28	0
24	0
2	0
5	0
2	0
2	0
2	0
32	0
53	0
2	0
10	0
1	0
1	0
0	0
5	0
3	0
1	0
2	0
15	0
3	0
211	0
0	0
2	0
12	0
4	0
1	0
1	0
0	0
1	0
0	1
1	0
0	0
34	0
4	0
11	0
5	0
0	0
4	0
0	0
4	0
0	1
1	0
2	0
12	0
0	5
19	0
13	0
13	0
35	0
1	0
1	0
7	0
6	0
5	0
2	0
9	0
6	0
0	0
6	0
16	0
38	0
0	0
4	0
6	0
31	0
1	0
0	0
10	0
5	0
1	0
0	0
1	0
5	0
9	0
5	0
5	0
5	3
26	0
1	0
3	0
0	2
2	2
7	0
11	0
7	0
21	0
0	0
21	0
0	0
1	0
1	0
4	0
7	0
2	0
5	0
5	0
2	0
1	0
8	0
7	0
3	0
60	4
5	0
5	0
0	0
2	0
166	1
7	0
7	0
2	8
9	1
10	0
0	0
40	0
4	0
0	0
0	0
19	0
4	1
0	0
7	0
0	0
1	0
2	0
0	0
1628	0
2	1
4	0
3	0
5	0
13	0
8	0
44	0
7	0
5	0
15	0
2	0
27	0
1	0
1	0
2	0
14	0
4	0
1	0
1	22
0	0
64	0
6	0
10	0
7	0
0	1
10	0
18	0
1	0
8	0
0	0
5	0
6	0
35	0
4	0
8	0
11	0
0	0
6	0
31	0
0	0
6	0
5	0
0	0
5	0
6	0
1	0
33	0
29	0
4	0
14	0
16	0
4	0
2	0
4	0
0	0
4	0
1	0
16	2
0	0
1	0
10	0
0	0
1	0
1	0
3	0
2	0
19	0
0	0
8	0
4	0
0	0
2	0
0	0
0	0
4	0
0	0
1	0
13	0
28	0
1	0
4	0
6	0
0	0
6	0
7	0
0	0
2	0
3	0
0	0
2	0
5	0
1	0
11	2
9	1
58	0
8	1
27	0
19	0
5	0
25	0
6	0
409	0
4	1
25	0
1	0
7	0
1	0
2	0
10	0
25	0
6	0
8	0
29	0
8	0
1	0
2	0
0	0
2	0
2	0
7	0
0	0
2	0
0	0
3	0
111	0
12	1
13	0
3	0
51	1
8	0
15	0
4	0
1	0
11	6
3	6
2	0
1	0
0	0
0	0
7	0
0	0
1	0
9	0
14	0
27	5
31	0
0	0
1	0
0	0
20	0
5	0
17	0
9	0
11	0
11	0
8	0
8	0
13	0
15	0
1	0
19	0
3	0
1	0
32	0
14	0
6	0
8	1
18	0
19	0
5	0
9	0
3	0
0	0
2	0
212	1
17	0
17	1
1	0
22	11
2	1
34	0
34	8
0	0
0	0
50	0
1	0
6	0
11	0
2	0
159	5
1	0
30	0
0	0
2	0
7	0
0	0
1	0
22	0
17	0
2	0
0	0
17	0
5	0
2	0
15	0
7	0
9	0
2	0
23	0
2	0
18	0
1	0
0	0
2	0
35	1
0	0
137	0
194	6
4	0
32	0
3	0
2	0
0	0
45	1
0	0
13	0
27	0
19	0
0	0
3	0
22	0
5	0
13	0
26	0
5	0
3	0
3	0
1	0
21	0
9	0
3	0
2	0
3	0
0	0
17	0
199	0
20	0
63	0
1	0
8	0
1	0
4	0
0	0
2	0
464	0
7	0
2	0
215	0
0	0
0	0
50	0
2	0
0	0
12	0
3	0
1	0
8	0
0	0
102	5
63	0
2	0
4	0
2	0
1	0
0	0
14	0
4	0
0	0
504	4
0	0
2	0
3	0
0	0
3	0
0	0
0	0
2	0
20	0
0	0
0	0
12	0
30	0
0	0
0	0
10	0
13	0
2	0
0	0
20	0
0	0
0	4
5	1
7	0
7	0
11	0
10	1
1	0
4	0
24	0
3	0
3	0
2	0
7	0
0	0
3	0
3	0
16	0
0	0
6	0
13	0
20	0
10	0
19	5
2	0
1	0
0	0
6	0
0	0
3	0
4	0
8	0
0	0
7	0
30	0
6	4
13	7
39	0
0	0
0	0
0	0
0	0
4	0
20	0
3	0
5	0
3	0
4	0
19	0
1	0
0	0
0	0
16	0
21	0
15	0
1	0
0	0
48	0
3	0
2	0
3	0
9	0
0	0
10	0
154	0
4	0
28	0
13	0
1	0
1	0
40	0
28	0
17	0
13	0
0	0
3	0
3	0
0	0
24	0
3	0
27	0
1	0
16	0
1	1
4	0
20	12
1	0
0	0
1	0
18	0
3	0
6	0
9	0
14	0
2	0
1	0
34	0
5	0
5	0
8	0
1	0
18	0
5	0
6	0
3	0
1	0
20	0
0	0
31	0
1	0
3	0
12	0
13	0
1	0
3	0
3	0
3	0
8	0
15	0
23	0
19	0
4	0
0	0
2	0
0	0
0	0
0	0
15	2
3	0
0	0
12	0
2	0
6	0
8	0
0	0
1	0
0	0
14	0
0	0
115	0
4	0
1	0
17	0
0	0
56	0
25	1
16	1
16	0
4	0
1	0
7	0
5	0
11	0
2	0
11	0
5	0
0	0
6	0
4	0
15	0
26	1
1	0
0	0
0	5
82	1
0	0
6	0
10	0
1	0
0	0
0	0
2	0
1	0
8	0
3	0
22	0
8	0
0	0
3	0
5	0
3	0
6	0
0	0
50	0
11	0
0	0
5	0
13	0
29	0
0	0
5	0
0	0
1	0
0	0
0	0
0	0
1	0
10	0
0	0
1	0
1	0
3	0
0	0
1	0
10	0
0	0
0	0
5	1
1	0
3	0
4	0
19	0
42	0
4	0
13	0
4	1
0	0
35	0
0	0
0	0
3	0
0	0
40	0
1	0
28	3
0	0
1	0
17	0
4	0
2	0
107	0
4	0
0	0
47	0
7	0
28	0
6	0
0	0
147	0
1	0
0	0
6	0
4	0
9	0
49	8
3	0
0	0
4	0
25	0
7	0
0	0
2	0
23	0
2	0
0	0
8	6
2	0
0	0
46	0
4	0
21	0
2	0
1	0
3	0
0	0
15	0
0	0
39	0
8	0
83	0
2	0
2	0
6	0
38	6
5	0
1	0
3	0
1	0
0	0
0	0
0	0
33	0
6	0
2	0
0	0
119	0
0	0
6	0
14	0
2	0
0	0
1	0
0	0
0	0
2	0
7	0
0	0
8	0
0	0
0	0
41	0
1	0
0	0
10	0
9	0
5	0
18	0
8	0
3	0
4	0
3	0
33	0
2	0
1	0
2	0
4	0
0	0
5	0
3	0
15	0
26	0
0	0
0	0
39	0
13	0
7	0
12	0
3	0
0	0
0	0
0	0
1	0
1	0
2	8
4	0
19	2
2	0
0	0
2	0
0	0
0	0
0	0
4	0
15	0
0	0
6	0
5	0
1	0
0	0
4	0
98	6
2	0
3	0
7	1
7	1
2	0
0	0
35	0
0	0
0	0
2	0
14	0
30	97
0	0
0	0
6	0
19	0
0	0
0	0
8	0
4	0
2	0
3	0
5	0
17	0
4	0
1	0
0	0
3	0
1	0
0	0
6	1
0	0
1	0
1	0
3	0
0	0
7	0
3	0
37	0
7	0
0	0
18	0
12	0
22	0
0	0
25	0
6	0
0	0
3	0
39	0
3	0
1	0
19	0
2	0
0	0
10	0
8	0
7	0
4	0
3	0
27	0
0	0
4	0
4	0
3	0
48	6
1	0
9	0
4	0
4	0
0	0
11	0
0	0
10	0
37	0
44	0
9	0
3	0
6	0
8	1
15	0
0	1
0	0
0	0
63	0
8	0
29	0
0	0
0	0
20	0
3	0
9	0
5	0
23	0
74	0
4	0
9	0
10	0
1	0
4	0
0	0
1	0
0	0
0	0
0	0
1	0
34	0
13	0
30	0
4	0
0	0
5	0
1	0
0	0
2	5
15	0
1	0
1	0
0	0
255	1
4	0
5	0
36	0
2	0
0	0
37	0
14	0
3	0
5	0
19	0
1	0
52	0
0	0
5	0
9	0
0	0
0	0
0	0
0	0
0	0
0	0
7	1
48	0
18	0
3	0
1	0
8	0
3	0
7	0
6	0
22	0
11	1
6	0
9	0
21	0
6	0
1	0
3	0
2	0
3	0
5	0
71	0
3	0
12	0
7	0
7	0
0	1
0	0
0	0
2	0
1	0
5	0
2	0
18	0
25	0
0	0
3	0
8	0
5	0
6	0
2	0
3	0
0	0
0	0
0	0
6	0
6	0
7	2
10	0
19	6
2	0
2	0
3	0
5	0
0	0
1	0
12	0
13	0
1	0
12	0
82	0
9	2
4	0
19	0
0	0
2	0
2	0
4	0
3	0
0	0
17	0
5	0
4	0
2	0
2	0
10	0
0	0
213	2
7	0
1	0
4	0
2	0
23	0
47	0
0	0
1	0
0	0
10	0
1	0
0	0
78	0
0	0
4	0
11	0
0	0
24	0
0	0
30	0
0	0
25	0
1	0
5	0
8	0
0	0
10	0
0	0
20	2
5	0
47	0
18	3
2	0
2	0
2	0
0	0
6	0
3	0
0	0
21	0
8	0
5	0
31	0
6	0
1	0
1	0
3	0
22	0
3	0
1	0
0	0
31	0
1	0
17	0
17	0
2	0
13	0
2	0
0	0
1	0
0	0
5	0
1	0
2	0
1	0
13	0
4	0
37	0
3	0
29	0
4	0
3	0
4	0
1	0
1	0
4	0
0	0
0	0
0	0
0	0
2	0
1	0
10	0
3	0
4	0
0	0
0	0
2	0
5	0
4	0
22	0
7	0
5	0
84	0
119	20
0	0
1	0
159	2
82	2
4	0
17	0
10	0
26	0
42	0
1	0
0	0
4	0
4	0
1	0
4	0
0	0
8	0
2	0
0	0
0	0
9	0
0	0
10	0
33	1
4	0
2	0
2	0
14	8
1	0
0	0
5	0
2	0
0	0
1	0
23	0
2	0
2	0
14	0
1	0
58	0
1	0
8	0
9	1
3	0
14	0
12	0
29	0
2	0
1	0
3	0
6	0
1	0
2	0
3	0
2	0
1	0
1	0
1385	5
2	0
50	0
5	0
0	0
45	0
0	0
3	0
4	0
11	0
3	0
0	0
0	0
0	0
10	0
1	0
1	0
2	0
4	0
0	0
6	0
8	0
4	0
18	0
1	0
253	0
117	0
2	0
0	0
1	0
2	0
3	0
6	0
2	0
20	1
5	0
1	0
0	0
5	0
4	0
5	0
2	0
0	0
3	0
3	0
2	1
1	0
0	0
31	0
37	0
2	0
5	0
3	0
1	0
12	0
0	0
0	0
0	0
39	0
6	0
52	0
0	0
2	1
9	0
9	3
1	0
0	0
18	0
6	0
1	0
0	0
0	0
7	2
0	0
5	0
0	0
1	0
6	0
0	0
3	0
0	0
11	0
2	0
25	1
5	0
1	0
1	0
6	0
2	1
3	0
3	1
3	1
1	0
4	0
0	0
1	0
3	0
23	0
21	0
1	0
0	0
8	2
7	0
12	0
16	0
6	0
7	0
6	0
2	0
0	0
2	0
20	0
12	0
0	0
18	0
0	0
257	0
7	0
18	0
3	0
3	1
0	0
0	0
0	0
3	0
3	1
0	0
1	0
2	0
1	0
4	0
42	0
0	0
1	0
19	0
12	2
0	0
45	0
18	0
1	0
10	0
1	0
9	0
0	0
6	0
16	0
16	0
2	0
4	0
2	0
4	0
9	1
1	0
1	0
7	0
8	0
4	0
4	0
3	0
12	0
6	0
1	0
1	0
14	1
21	1
13	0
0	0
1	0
26	0
2	0
457	4
30	0
0	0
12	0
1	0
0	0
62	0
12	0
36	0
10	0
14	0
2	0
2	0
1	0
2	0
2	0
3	0
1	0
1	0
4	2
3	8
0	0
6	0
222	514
118	0
4	0
11	0
3	0
7	0
2	0
0	0
6	0
3	0
1	0
5	0
0	0
1	0
0	0
2	0
21	0
4	0
3	0
5	0
6	0
45	6
189	0
4	0
25	0
18	6
0	0
8	2
0	0
5	0
1	0
10	0
12	0
7	0
28	0
18	0
4	0
3	3
7	0
28	0
3	0
5	0
0	0
2	0
17	0
6	0
0	0
3	0
1	0
5	0
1	0
0	0
12	0
52	0
0	0
3	0
0	0
0	0
7	0
4	0
8	0
7	0
8	0
9	0
39	10
3	0
6	0
3	0
1	0
2	0
0	0
8	0
15	0
3	0
12	0
71	0
3	0
0	0
0	0
9	0
0	0
6	0
4	0
0	0
1	0
0	0
3	0
8	0
6	0
2	0
12	0
8	0
2	0
5	0
1	0
2	0
6	0
2	0
2	0
25	0
0	0
7	0
2	0
3	0
28	0
2	0
96	1
3	0
23	0
3	0
11	0
13	0
2	0
5	0
4	0
147	0
13	0
0	0
2	0
93	0
1	0
14	4
0	0
5	0
10	0
0	0
1	1
0	1
6	0
1	0
4	0
8	0
0	0
1	0
39	0
221	0
2	0
27	0
1	0
0	0
11	0
10	0
2	0
0	0
2	0
0	0
34	0
4	0
4	0
0	0
2	0
29	10
2	0
10	0
2	0
0	0
30	0
7	0
4	0
1	0
2	0
10	0
0	0
0	0
0	0
0	0
0	0
6	0
5	0
8	0
1	0
4	0
0	0
1	0
1	0
5	0
6	1
1	0
0	0
0	0
4	0
1	0
1	0
1	0
32	3
4	0
23	0
7	0
1	0
2	0
1	0
2	8
1	0
2	0
15	0
0	0
2	0
0	0
1	0
0	0
3	0
44	0
15	0
5	0
68	0
8	0
2	0
8	0
0	0
0	0
0	0
12	0
4	0
0	0
0	0
21	0
0	0
5	0
2	0
0	0
6	0
32	0
12	0
6	0
0	0
19	0
1	0
1	0
0	0
2	0
1	0
0	0
6	0
1	0
11	0
5	0
1	0
20	0
2	0
2	0
4	0
0	0
157	0
73	1
3	0
4	0
4	0
2	0
4	0
0	0
0	0
9	0
0	0
0	0
0	0
3	0
0	0
0	0
1	0
20	0
3	0
3	0
33	0
2	0
0	0
0	0
3	0
7	0
5	0
0	0
5	0
0	0
0	0
25	0
3	1
6	0
6	0
7	0
0	0
2	0
32	0
17	0
225	1
0	0
13	0
16	0
2	0
0	0
0	0
0	0
2	0
3	0
1	0
2	0
0	0
2	0
4	0
1	0
0	0
1	0
18	0
1	0
4	0
3	0
9	0
8	0
10	0
1	0
13	0
0	0
0	0
0	0
3	0
0	0
12	0
1	0
3	0
3	0
0	0
10	0
0	0
0	0
0	0
0	0
0	0
5179	0
8	0
1	0
3	0
0	0
5	0
21	0
0	0
1	0
4	0
0	0
1	0
5	0
0	0
0	0
4	0
0	0
0	0
5	0
80	0
51	0
0	0
0	0
0	0
3	0
1	0
16	0
1	0
1	0
3	0
1	0
1	0
0	0
0	0
0	0
0	0
0	0
0	0
5	0
2	0
3	0
13	0
15	0
0	0
1	0
296	0
0	0
1	0
0	0
0	0
1	0
7	0
5	0
5	0
0	0
4	0
3	0
16	0
2	0
0	0
100	0
1	0
16	0
0	0
275	4
2	0
1	0
15	0
4	0
50	0
0	0
7	0
3	0
5	0
0	0
7	0
0	0
19	0
1	0
20	0
5	0
20	0
7	0
11	0
1	0
0	0
6	0
7	0
3	0
7	0
2	0
3	0
4	0
3	0
9	0
1	0
4	0
14	0
37	0
0	0
0	0
2	0
19	0
19	0
20	0
0	0
13	0
4	0
1	0
11	0
4	0
17	0
8	0
30	0
6	0
1	0
21	0
2	0
46	0
0	0
7	0
0	0
0	0
0	0
11	0
7	0
9	0
7	0
2	0
0	0
5	0
1	0
1	0
0	0
14	0
3	0
4	0
6	0
1	0
0	0
2	0
12	0
288	0
4	0
3	0
16	0
2	0
0	0
60	0
1	0
6	0
10	0
1	0
1	0
5	0
0	0
1	0
2	0
0	0
10	10
3	0
14	4
40	1
0	0
4	0
0	0
7	0
2	0
11	0
15	29
61	2
10	0
4	0
2	0
2	0
4	0
124	1
21	0
2	0
3	0
24	0
5	0
0	0
8	0
11	0
2	0
1	0
0	0
19	0
4	0
1	0
9	6
159	13
2	0
3	0
167	0
2	0
5	0
5	0
0	0
11	0
1	0
1	0
1	0
9	0
8	1
0	1
140	5
47	0
13	0
5	0
0	0
22	0
0	0
192	1
2	0
7	0
9	0
2	0
2	0
8	0
3	0
16	0
18	0
1	0
1	0
3	0
9	0
9	0
2	0
48	0
33	0
2	0
6	14
2	0
84	0
26	0
0	0
23	0
2	0
0	0
3	0
3	0
12	0
13	0
30	0
10	0
250	16
770	0
3	0
3	0
18	0
6	0
1	0
0	0
2	0
234	2
2	0
3	0
0	0
1	1
2	0
24	1
6	0
3	0
8	0
6	0
3	0
2	0
0	0
4	0
3	0
1	0
1	0
170	0
3	0
7	0
116	0
13	0
18	0
34	4
0	0
174	0
1	0
0	0
1	1
1	1
16	0
0	0
1	0
1	0
4	0
2	1
12	0
2	0
2	0
0	0
2	0
3	0
34	0
2	0
0	0
53	0
72	0
10	0
1	0
0	0
24	1
19	0
1	0
19	0
1	0
83	0
40	1
18	0
4	1
2	1
2	0
3	0
4	0
2	0
2	0
1	0
1	0
2	0
20	0
45	3
10	0
1	0
4	0
73	0
41	0
6	0
1	0
3	0
2	0
17	0
5	0
0	1
1	0
5	0
43	0
0	0
16	0
37	0
4	0
33	0
4	0
0	0
24	0
15	0
13	0
4	0
6	0
6	0
1	0
0	0
1	0
24	0
20	0
1	0
0	0
0	0
10	2
6	0
0	0
2	0
2	0
53	0
1	0
1	0
38	0
39	0
17	0
9	0
4	0
0	0
95	1
3	0
75	0
4	0
1	0
3	1
3	0
5	0
1	0
2	0
0	0
0	0
24	0
2	0
12	0
2	0
3	0
274	0
4	0
11	0
9	0
1	0
0	8
6	0
6	0
4	0
0	0
0	0
8	0
1	0
3	0
3	0
129	2
9	0
28	0
23	0
26	5
26	0
42	1
35	1
3	0
0	0
48	0
134	1
6	0
8	1
5	0
48	0
11	0
7	0
0	0
0	0
0	0
4	0
1	0
11	0
3	0
3	0
35	0
55	0
31	0
0	0
3	0
12	0
3	0
2	1
3	1
16	0
77	0
41	0
17	0
470	2
0	0
3	0
0	0
0	0
0	0
2	0
3	0
34	0
6	0
5	0
0	0
0	0
3	0
16	0
4	0
26	0
6	3
7	0
3	0
29	0
25	0
0	0
43	0
15	0
0	0
18	0
2	0
0	0
30	0
1	0
66	0
0	0
3	0
8	2
3	0
22	0
1	0
1	0
1	0
34	0
0	0
4	0
7	0
84	0
0	0
2	0
4	0
16	0
33	0
8	0
20	0
2	0
16	1
1	0
26	0
61	3
4	0
0	0
4	0
39	0
24	4
3	0
89	2
7	1
23	1
26	0
5	0
5	0
1	0
4	0
0	0
12	0
4	0
3	0
3	0
3	0
0	0
1	0
52	0
3	0
1	0
58	0
72	1
6	0
15	0
28	0
0	0
3	0
3	0
9	2
1	0
3	0
0	0
46	0
3	0
3	0
27	0
3	0
4	0
3	0
7	0
22	0
0	0
4	0
5	0
235	3
56	0
44	0
0	0
27	1
125	0
1	0
62	0
139	0
6	0
72	0
35	3
9	1
73	0
3	0
11	0
5	0
3	0
1	0
2	0
2	0
6	0
2	8
9	0
7	0
13	0
21	0
12	0
0	0
1	0
3	0
10	0
1	0
0	0
27	1
7	0
99	30
12	0
19	0
13	0
56	0
13	0
464	0
27	0
1	0
2	0
18	0
42	6
5	0
2	0
1	0
89	0
73	0
181	0
1	0
0	0
4	0
0	0
1	0
3	0
1	0
5	0
109	0
204	0
4	0
4	0
17	2
5	1
32	1
5	0
7	0
5	0
71	0
2	0
2	0
0	0
0	0
5	0
4	0
7	0
71	0
369	0
4	0
7	0
71	6
2	0
9	0
12	0
2	0
0	0
18	0
0	0
6	0
2	0
42	0
16	0
10	0
23	0
2	0
46	0
15	0
0	0
1	0
2	0
5	0
6	0
9	0
5	0
32	0
0	0
3	0
3	1
18	0
0	0
2	0
134	1
1	0
9	0
1	0
3	0
14	0
2	0
8	3
5	0
4	1
124	0
0	0
4	0
55	0
13	0
1	0
0	0
4	0
0	0
152	0
0	0
0	0
2	0
8	0
37	0
1	0
12	0
0	0
4	0
2	0
0	0
61	0
0	0
1	0
4	0
29	0
421	0
7	0
0	0
23	11
4	0
7	0
1	0
36	0
3	0
0	0
1	0
10	0
1	0
8	0
9	0
1	0
1	0
88	0
21	0
7	0
2	0
4	0
3	0
18	1
9	1
2	1
69	0
0	0
1	0
0	0
6	0
3	0
1	0
0	0
4	0
0	0
0	0
0	0
10	0
29	0
8	0
219	0
4	0
11	0
36	0
187	0
1	0
272	10
21	0
1	0
0	0
8	0
3	0
110	0
1	0
0	0
2	0
6	0
8	0
1	0
0	0
28	0
8	0
7	0
2	0
14	0
0	0
11	0
0	0
1	0
1	0
8	0
3	0
5	0
2	0
7	0
0	0
78	0
13	0
18	0
6	0
5	0
267	0
36	0
16	0
2	0
10	0
6	0
49	1
20	0
6	0
82	0
6	0
3	0
6	0
2	0
3	0
1	0
3	0
4	0
27	0
0	0
10	0
1	0
14	0
3	0
10	1
3	0
5	0
10	0
0	0
8	0
0	0
1	0
2	1
8	0
1	0
2	0
2	0
0	0
6	0
5	0
75	0
4	0
1	0
3	0
10	0
1	0
1	0
2	0
1	0
4	0
10	0
0	0
5	0
9	0
10	1
1	1
34	0
7	0
2	0
60	0
4	0
6	0
2	0
19	0
0	0
28	0
0	0
2	0
0	0
0	0
1	0
0	0
14	0
0	0
17	0
1	0
4	0
60	0
8	0
8	0
59	0
1	0
17	0
1	0
0	0
1	0
28	1
1	0
60	0
17	0
5	0
44	0
2	0
18	0
2	0
24	2
189	1
23	1
1	0
0	0
3	0
0	0
3	0
7	0
13	0
43	0
2	0
28	4
8	0
8	0
2	0
2	0
8	0
1	0
9	0
30	0
8	0
1	0
5	0
0	0
1	0
0	0
1	0
0	0
1	0
127	0
35	0
1	0
20	0
117	0
3	0
6	0
8	2
36	0
6	0
11	0
4	0
3	0
7	0
3	0
61	0
1	0
2	0
1	0
8	2
10	0
2	0
3	0
80	0
102	0
40	0
0	0
2	0
1	0
26	0
58	6
0	0
48	0
4	0
36	0
28	0
0	0
4	0
5	3
10	0
92	0
2	0
1	0
1	0
87	0
1	0
3	0
1	0
2	0
10	0
10	0
14	0
9	0
0	0
3	0
2	0
8	0
1	0
0	0
3	0
19	0
4	0
21	0
0	0
12	0
109	19
2	0
8	0
6	0
16	0
10	0
3	0
25	0
4	0
2	0
25	0
1	0
0	0
2	0
11	0
43	0
22	0
20	0
4	0
1	0
31	1
11	0
95	0
0	0
0	0
8	0
0	0
45	0
15	0
12	1
1	0
5	0
11	0
1	0
10	0
0	0
11	0
0	0
0	0
1	0
10	1
22	0
1	0
4	0
1	0
0	0
15	0
32	0
1	0
5	0
1	0
1	0
46	0
24	0
3	0
15	0
0	0
58	0
0	0
8	0
4	0
16	8
18	0
0	0
0	0
0	0
0	0
15	0
7	0
2	1
0	0
2	0
18	0
0	0
0	0
90	0
0	0
4	0
76	0
928	0
27	0
26	0
3	0
14	0
15	0
6	0
15	0
13	0
6	0
54	0
12	0
24	0
1	0
17	0
0	0
8	0
3	0
1	0
18	0
29	0
35	3
3	0
30	2
2	2
1	0
5	0
2	0
294	0
2	0
1	0
5	0
30	0
2	0
19	7
14	0
4	0
3	0
0	0
1	0
1	0
8	0
1	0
1	0
4	0
0	0
17	0
1	0
1	1
309	0
2	0
3	0
1	0
1	0
0	0
15	0
2	0
2	0
12	0
175	28
240	0
2	0
10	0
33	4
9	0
20	0
8	0
4	0
3	0
2	0
0	0
12	0
9	0
0	0
19	0
11	0
29	0
16	0
41	3
43	0
13	0
12	0
9	0
14	0
5	0
11	0
0	0
2	2
3	0
4	0
0	0
4	0
2	0
1	0
0	0
32	1
23	0
12	0
1	0
13	0
1	0
9	0
3	0
10	1
2	0
3	0
1	0
13	0
7	0
18	0
20	0
16	0
0	0
1	0
74	0
56	0
6	0
16	0
2	0
1	0
0	0
5	0
0	0
14	0
9	0
3	0
4	0
1	0
7	0
1794	21
0	0
4	0
0	0
7	0
23	0
30	0
8	9
2	0
106	0
28	0
114	10
1	0
1	0
116	0
1	0
13	0
88	0
28	0
1	0
2	1
0	0
15	0
3	0
0	0
1	0
0	0
8	0
16	0
0	0
2	0
0	0
10	0
0	0
118	6
68	6
3	0
2	0
0	0
0	0
15	0
1	0
0	0
0	0
0	0
4	0
3	0
40	0
10	0
4	0
7	0
1	0
371	0
19	6
0	0
2	1
2	0
23	0
12	0
5	0
115	0
28	0
0	0
0	0
6	0
9	0
0	0
2	0
19	0
1	0
17	0
7	0
2	1
0	0
33	0
16	0
2	0
4	0
15	1
0	0
20	0
1	0
2	0
150	71
39	0
14	0
31	2
0	0
2	0
12	0
4	0
0	0
0	0
22	0
14	0
4	0
68	2
26	14
15	0
29	0
14	0
1	0
8	0
4	0
0	0
7	0
76	1
0	0
39	0
26	0
2	0
1	0
8	0
18	1
0	0
0	0
10	0
5	0
12	0
58	418
8	0
2	0
16	0
1	0
4	0
11	0
0	0
10	0
13	0
107	0
0	0
1	0
4	0
17	0
1	0
2	0
8	0
40	0
4	0
1	0
47	0
0	0
31	0
375	0
17	0
9	0
37	0
29	0
9	0
2	0
24	0
3	0
0	0
7	0
15	0
2	0
0	0
0	0
5	0
22	0
4	0
10	0
13	1
70	1
18	0
2	0
31	3
4	0
7	5
236	0
6	1
7	0
8	0
15	0
0	0
62	1
12	0
9	1
9	0
6	0
0	0
1	0
1	0
45	0
49	0
5	0
29	0
4	0
13	0
11	0
168	505
10	0
3	0
0	0
48	1
17	0
2	0
1	0
28	0
22	0
15	0
0	0
28	30
0	0
6	0
51	0
3	0
9	0
124	0
4	0
2	0
91	0
6	0
3	0
3	0
11	0
6	0
28	0
84	0
5	1
17	0
30	1
3	0
3	0
2	0
3	0
49	0
4	0
0	0
13	0
18	0
6	0
1	0
36	0
6	0
9	2
0	0
11	0
59	0
61	0
2	0
46	0
15	1
32	1
35	0
2	0
76	16
1	0
1	0
0	0
4	0
12	0
369	0
22	0
2	0
0	0
27	1
103	0
9	0
17	0
18	0
17	0
46	0
14	0
17	0
0	0
7	0
2	0
0	0
7	0
37	0
17	0
0	0
0	0
17	0
1	0
0	0
1	0
80	18
20	0
3	0
22	0
72	0
60	13
8	4
108	0
0	0
9	0
152	0
3	0
1	0
4	0
140	0
1	0
0	0
32	0
6	0
0	0
15	0
30	2
2	0
3	0
0	0
8	0
1	1
36	7
0	0
24	0
1	0
2	0
1	0
3	0
0	0
2	0
182	0
61	1
55	0
15	0
8	0
2	0
172	71
13	0
245	2
160	0
5	0
0	0
23	0
4	0
9	0
1	0
14	0
23	0
0	0
0	0
2	0
5	0
6	0
2	0
29	0
0	0
0	0
9	0
10	0
0	0
4	0
11	0
8	0
3	0
9	0
1	0
3	0
7	0
3	0
35	1
19	0
10	1
1	0
201	8
1	0
1	0
24	0
41	0
2	0
6	0
6	0
21	0
10	0
5	0
3	0
182	0
34	4
1	0
3	0
65	5
30	0
1	0
15	0
8	0
7	0
14	17
0	1
3	0
2209	21
2	0
36	0
10	0
93	1
324	0
134	1
10	0
1	0
0	0
45	1
1	0
7	0
1	0
62	4
7	0
2	0
15	0
0	336
0	0
0	0
1	0
1	0
58	0
21	0
0	0
89	2
15	1
44	0
1	0
13	4
1	0
0	0
2	0
0	0
2	0
0	0
2	0
1	0
2	0
5	0
29	0
0	0
0	0
15	1
86	0
2	0
4	0
0	0
4	0
0	0
1	0
0	0
6	1
35	11
1	0
36	0
319	1
3	0
5	0
9	0
0	0
7	0
0	0
0	0
0	0
2	0
10	0
0	0
1	0
2	0
69	0
9	0
140	0
29	0
111	0
46	2
11	0
1	0
0	0
59	0
0	0
1	0
0	0
3	0
188	393
6	0
8	0
6	0
1	0
0	0
8	0
4	0
1	0
84	0
4	0
14	0
0	0
8	0
12	0
2	0
31	0
2	0
2	0
1	0
0	0
39	6
0	0
0	0
2	0
0	0
0	0
1	0
3	0
50	0
3	0
11	0
9	0
1	0
31	0
2	0
34	0
0	0
0	0
6	1
3	0
1	0
1	0
1	0
12	0
8	0
7	0
1	0
8	0
149	2
3	1
9	4
8	0
0	0
1	1
3	0
3	0
17	0
61	0
1	0
3	0
142	0
0	0
2	0
2	0
2	2
8	1
5	1
3	0
2	0
2	0
4	0
4	1
3	0
0	0
5	0
8	0
5	0
0	0
0	0
5	0
20	0
10	1
31	1
7	0
7	0
1	0
5	0
0	0
0	0
0	0
67	1
1	0
51	0
10	0
5	0
5	0
305	0
25	0
2	0
0	1
55	0
35	0
9	0
1	0
24	0
1	0
162	0
0	0
4	0
1	0
7	0
5	0
21	0
7	0
11	0
2	0
2	0
0	0
100	0
10	0
1	0
5	0
11	0
2	0
3	0
18	0
2	0
1	0
26	0
20	0
6	0
1	0
16	0
0	0
0	0
6	3
18	0
20	0
1	0
11	0
1	0
0	2
3	0
4	0
1	0
29	0
2	0
0	0
0	0
11	0
0	0
1	0
37	0
0	0
2	0
1	0
1	0
4	0
11	0
1	0
4	0
9	0
165	13
5	0
14	0
4	0
6	0
4	0
3	0
8	0
24	0
7	0
9	0
4	0
1	0
2	0
13	0
23	1
11	0
8	0
0	0
0	0
0	0
15	0
0	0
25	0
185	0
0	0
0	0
7	0
2	0
10	0
0	0
0	0
17	0
0	0
16	1
24	0
15	0
3	0
6	0
0	0
0	0
11	0
10	0
0	0
44	0
30	0
63	0
9	0
117	0
133	0
25	0
3	0
8	0
30	0
2	0
0	0
17	1
16	0
36	0
1	0
61	0
8	0
10	0
11	14
7	0
14	0
20	1
5	0
1	0
3	0
0	0
2	0
2	0
0	0
0	0
2	0
2	0
11	0
1	0
23	0
30	1
5	1
2	0
2	1
2	0
6	0
13	0
0	0
4	4
7	0
2	0
112	0
1	0
63	0
0	0
0	0
109	0
39	0
71	0
34	0
8	0
3	1
80	0
2	0
4	0
23	0
17	0
9	0
134	1
5	0
2	0
43	2
0	0
14	0
0	0
7	0
2	0
13	1
23	0
1	0
8	0
3	0
2	0
2	0
21	0
1	0
4	0
4	0
1	0
2	0
1	0
4	0
16	0
5	0
4	0
3	0
12	1
3	0
0	0
33	0
2	0
297	0
0	0
5	0
23	0
1	0
22	0
70	0
8	0
2	0
2	0
15	0
4	0
45	0
3	0
26	15
33	0
2	0
0	0
47	0
33	0
2	0
0	0
4	1
0	0
18	116
38	1
60	0
108	92
67	74
36	48
67	24
17	0
0	0
15	0
0	0
19	0
10	0
6	0
1	0
88	0
10	4
0	0
34	0
1	0
8	0
1	0
2	0
10	0
84	0
1	0
0	0
3	0
22	0
7	0
9	0
0	0
182	0
14	0
4	0
5	0
23	0
1	0
109	8
1	0
15	0
63	0
0	0
28	0
16	0
1	0
3	0
5	0
32	0
5	0
27	0
2	0
1	0
1	0
0	0
47	0
20	1
2	0
7	0
5	0
2	0
5	0
0	0
25	1
3	0
2	0
0	0
2	0
14	0
10	4
40	0
3	0
2	0
2	0
6	0
5	0
3	0
50	0
11	2
98	5
1	0
2	0
1	0
0	0
19	0
44	0
15	0
5	0
42	0
8	0
87	292
5	1
58	0
4	0
10	0
7	0
9	0
0	0
4	0
15	0
0	0
6	0
1	0
1	0
8	0
0	0
0	0
0	0
4	1
7	0
1	0
21	3
0	0
1	0
1	0
18	0
1	0
2	0
4	2
1	0
12	0
0	0
5	0
0	0
72	0
0	0
4	0
7	0
1	0
0	0
0	0
8	0
2	0
9	0
70	1
5	0
18	0
5	0
3	0
0	0
2	0
19	0
7	0
0	0
3	0
25	8
10	0
3	0
5	0
14	0
1	0
7	0
16	0
23	0
6	0
13	0
0	0
3	0
38	0
1	0
1	0
7	0
0	0
2	0
4	0
5	0
3	0
0	0
0	0
1	0
0	0
0	0
12	0
16	0
0	0
4	0
17	0
56	0
1	0
0	0
2	0
1	0
1	0
2	0
7	1
128	0
1	0
3	0
13	0
1	0
15	0
251	0
0	0
2	0
0	0
18	0
0	0
5	0
22	0
8	0
0	5
163	30
17	1
3	0
10	0
61	0
8	0
0	0
1	0
11	0
25	0
15	0
11	0
4	0
5	1
3	0
3	0
10	0
1	0
10	0
1	0
1	0
2	0
2	0
2	0
91	0
28	0
21	0
2	0
148	0
0	0
220	0
30	0
0	0
7	0
2	0
1	0
152	28
3	0
0	0
117	2
7	0
1	0
0	0
21	0
1	0
12	0
6	0
1	0
2	0
0	0
1	0
9	97
43	0
1	0
4	0
1	0
0	0
4	0
1	0
0	0
106	2
1	0
0	0
0	0
43	1
534	0
38	0
2	0
47	0
3	0
43	30
28	0
1	0
0	0
0	0
4	0
30	0
2	0
32	0
9	0
210	0
25	0
1	0
12	0
2	0
12	0
1	0
2	0
2	0
0	0
8	0
33	0
1	0
0	0
31	1
16	0
38	0
1	0
0	0
5	0
2	0
30	1
0	0
6	0
2	0
8	0
25	0
0	0
24	15
788	1
52	0
0	0
26	0
0	0
4	3
0	0
0	0
12	0
5	0
5	0
3	0
27	0
2	0
163	0
3	0
10	0
5	0
21	0
24	0
17	0
5	8
1	0
1	0
33	0
36	0
1	0
0	0
4	0
6	0
1	0
12	0
19	0
11	0
2	0
0	0
0	0
0	0
6	0
10	3
2	0
0	0
15	0
2	0
0	0
16	0
0	0
4	0
103	5
231	5
3	1
1	0
0	0
591	2
0	0
1	0
1	0
10	0
1	0
32	0
7	0
43	0
18	0
7	0
4	0
2	0
1	0
13	0
1	0
8	0
9	0
3	0
1	0
0	0
0	0
0	0
7	0
68	292
26	0
0	0
4	0
61	6
8	0
8	0
3	0
1	0
3	0
4	0
1	0
75	0
2	0
9	0
0	0
1	0
28	0
187	0
0	0
0	0
32	0
2	0
0	0
5	0
69	1
102	1
0	0
12	5
1	0
4	0
1	0
0	0
11	0
2	0
1	0
41	0
2	0
44	0
0	0
7	4
0	0
1	0
0	0
4	0
1	0
0	0
10	0
9	0
4	0
0	0
3	0
0	0
1	0
6	0
1	0
0	0
0	0
2	0
9	0
2	0
11	0
3	0
1	0
8	0
5	0
3	0
1	0
7	0
12	0
13	0
1	0
9	0
0	0
0	0
60	0
7	0
35	0
106	0
4	0
2	0
0	0
5	0
259	0
22	0
4	0
1	0
4	0
0	0
40	0
2	0
0	0
0	0
41	0
17	0
0	0
2	0
4	0
17	0
9	0
3	0
96	0
40	0
2	0
0	0
1	0
3	0
0	0
2	0
0	0
4	0
4	0
0	0
5	0
1	0
0	0
2	0
14	0
0	0
3	0
2	0
1	0
2	0
4	0
14	0
0	0
8	1
34	0
11	0
1	0
164	0
23	6
3	0
58	18
15	3
1	4
218	0
8	0
1	0
5	0
10	0
6	1
3	0
34	0
57	5
2	0
25	0
25	6
0	0
42	0
10	0
1	0
4	0
45	2
11	2
56	0
8	0
17	1
22	0
0	0
255	0
1	0
9	7
17	0
1	1
54	3
3	0
8	0
18	1
44	1
4	0
2	0
21	0
320	1
4	0
129	0
28	0
11	0
8	0
5	3
7	1
10	0
6	0
20	0
5	0
18	0
8	0
4	0
8	0
0	0
3	0
25	0
5	0
3	0
3	0
3	0
12	0
122	7
427	0
326	12
3	1
334	0
20	0
9	1
4	0
1	0
72	0
1	0
1	0
1	0
15	0
12	0
7	0
0	0
8	0
19	0
2	1
45	0
23	0
1	0
2	0
3	0
19	0
4	0
31	0
70	0
0	0
0	0
14	0
0	0
2	0
2	0
9	0
4	0
149	0
15	0
3	0
624	0
171	0
1	0
20	2
8	0
94	0
11	0
19	2
5	0
6	1
5	0
0	0
8	19
4	0
0	0
5	0
10	5
8	1
18	0
6	0
206	0
22	0
2	0
3	0
99	0
2	1
25	0
70	0
10	1
191	1
10	3
39	21
12	21
43	0
0	0
1	0
18	0
6	0
0	0
5	0
24	0
0	0
23	0
2	0
26	0
113	0
61	0
4	0
16	1
0	0
1	0
0	0
2	0
4	0
4	0
2	0
12	0
10	0
0	0
105	3
11	0
29	2
25	0
5	0
15	0
4	0
69	0
20	0
2	0
7	0
5	0
13	0
5	1
2	0
0	0
2	0
4	0
146	0
20	0
3	0
14	0
37	4
5	1
15	0
0	0
6	0
2	6
49	1
14	0
19	0
1	0
0	0
22	0
4	2
57	0
1	0
19	0
1	0
1	0
10	0
0	0
156	1
2	0
0	0
13	0
15	0
0	0
2	0
9	0
6	0
15	0
1	0
11	0
3	0
96	1
1	0
6	0
0	14
5	1
7	0
3	1
13	3
0	0
12	0
6	0
13	2
3	0
15	4
27	0
6	0
0	0
3	0
20	3
0	0
49	2
3	0
46	0
35	20
1	0
10	0
0	0
7	0
142	0
1	0
1	0
33	0
2	0
1	1
24	0
0	0
0	0
168	13
65	0
101	0
40	0
21	0
1	0
3	0
14	0
3	0
329	0
6	0
0	0
1	0
0	0
26	0
55	1
0	0
0	0
1	0
2	0
5	0
0	0
0	0
0	0
10	0
1	0
0	0
0	0
12	1
2	0
20	0
2	0
60	0
9	0
30	0
0	0
0	0
29	0
8	1
7	0
34	1
135	6
47	0
0	0
5	0
4	0
5	0
22	0
6	0
21	1
2	0
3	0
1	0
27	0
3	0
1	0
4	0
7	0
1	0
6	0
1	0
166	0
10	0
6	0
58	0
53	0
191	6
2	1
17	0
0	0
1	0
18	0
0	0
23	0
4	0
14	2
0	2
37	0
12	0
1	0
8	0
9	0
5	0
3	0
9	0
4	0
10	0
4	0
4	0
6	0
29	15
22	0
21	0
3	0
22	0
4	0
5	0
16	0
25	2
3	0
53	0
3	0
5	0
5	0
4	0
0	0
1	0
0	0
0	0
2	0
10	0
5	0
5	0
3	13
4	0
79	0
1	0
55	0
20	0
20	0
81	0
7	0
17	3
59	0
1	0
12	0
6	0
13	0
8	0
4	0
2	0
5	1
12	1
6	0
23	0
4	0
3	0
5	0
5	0
19	1
1	0
3	0
2	0
0	0
12	0
16	0
4	1
18	0
1	0
5	0
0	1
0	0
0	0
13	0
3	0
2	0
25	0
8	0
27	7
4	0
1	0
24	0
7	0
0	1
20	0
16	0
1	0
3	0
78	0
6	0
10	0
21	0
4	1
0	0
8	0
3	1
38	0
76	1
18	0
0	0
0	0
8	0
0	0
31	2
34	3
5	2
1	0
8	0
21	4
7	0
21	0
0	0
0	0
71	1
10	0
6	0
1	0
53	1
1	0
18	0
1	0
7	0
1	0
1	0
0	0
2	0
2	0
3	0
1	0
7	0
0	0
17	0
96	0
5	0
11	1
0	0
9	0
90	0
24	0
16	1
3	0
4	0
0	0
5	0
23	0
0	1
5	0
15	3
2	0
2	0
7	0
0	0
1	0
32	1
5	0
10	0
34	0
13	0
22	2
371	0
10	0
50	0
17	1
6	0
0	0
2	0
6	0
0	0
79	0
11	0
0	4
29	0
2	0
11	1
26	0
1	0
12	0
1	0
2	0
13	0
3	0
8	0
20	0
43	0
0	0
6	0
5	0
9	0
0	0
3	0
244	0
5	0
9	0
18	2
3	0
23	0
36	0
1	0
1	0
5	1
3	0
8	0
15	0
9	0
5	0
1	0
19	2
31	0
0	0
11	0
14	0
49	0
5	0
6	0
34	1
4	0
10	0
12	0
1	0
12	12
2	0
0	0
12	0
3	0
1	0
3	2
2	0
12	0
5	0
19	0
1	0
0	0
25	0
5	0
24	0
15	1
5	0
26	0
41	1
6	11
0	0
8	0
9	0
5	0
20	1
8	0
0	0
207	0
154	0
4	0
3	0
1	0
1	0
22	6
7	0
0	0
14	0
12	0
2	0
37	3
1	16
0	0
2	0
0	0
18	0
24	0
17	0
0	0
22	0
0	1
24	1
2	1
25	0
2	0
0	0
27	0
16	0
2	0
9	0
7	0
119	4
2	0
0	0
0	0
2	0
8	1
23	0
0	2
2	0
7	0
3	1
6	0
1	0
3	0
0	0
0	0
13	0
2	0
48	0
62	3
1	0
23	1
3	0
39	0
2	0
14	0
0	0
95	0
2	0
3	0
3	0
43	0
0	5
47	1
10	1
8	0
11	0
60	0
5	1
94	0
0	0
18	0
6	0
10	0
14	0
2	0
8	0
2	0
8	1
14	0
6	5
6	0
53	3
20	0
412	0
0	0
136	2
8	0
15	1
79	0
6	0
3	0
4	0
39	0
0	0
16	0
4	0
5	0
11	0
0	0
4	0
8	0
12	1
28	1
3	0
0	22
11	2
4	0
11	0
0	0
4	0
0	0
5	0
1	0
6	0
27	3
0	0
27	0
0	0
21	0
5	0
11	0
75	0
8	0
0	0
18	1
19	0
0	0
6	0
24	0
0	0
9	0
15	0
8	0
100	0
2	0
0	0
11	0
0	0
5	0
0	0
22	0
5	0
20	0
47	0
6	0
20	0
2	0
13	0
2	0
0	0
37	0
21	0
2	0
16	0
11	0
3	0
22	1
2	0
5	0
18	0
9	0
33	0
0	0
2	0
193	1
3	0
7	4
0	0
2	0
3	0
1	1
9	0
0	0
23	0
7	0
4	0
46	0
7	0
3	0
21	0
17	0
2	0
13	0
1	0
4	0
13	0
11	0
8	0
19	1
3	0
2	0
0	0
4	0
14	0
0	0
2	0
5	0
3	0
41	0
1	0
4	0
0	0
39	0
0	0
4	0
3	0
13	0
0	0
10	0
7	0
24	0
1	0
3	0
1	0
6	0
2	0
5	0
4	0
15	0
25	0
0	0
1	0
7	4
0	0
25	0
2	0
14	0
0	0
0	0
0	0
22	2
0	0
32	0
0	0
9	0
4	0
9	0
1	0
14	0
21	0
0	4
75	1
23	1
53	0
32	0
0	0
30	0
8	0
6	0
1	0
11	0
4	0
26	1
3	0
3	0
8	0
17	0
0	0
5	0
15	0
1	1
10	0
0	0
9	0
25	0
0	1
1	0
4	0
0	0
0	1
30	0
1	0
0	2
9	0
0	0
9	0
57	0
15	2
0	0
17	0
0	0
2	0
29	1
3	0
0	0
3	0
28	0
32	0
6	0
67	0
14	2
3	0
25	0
4	0
3	0
9	0
0	0
47	0
3	0
0	0
23	0
76	0
0	0
0	0
5	0
8	0
3	0
0	0
7	0
8	0
5	0
0	0
1	0
0	0
261	0
4	0
28	0
8	0
27	0
23	0
62	0
8	0
0	0
3	0
5	0
3	0
17	0
44	3
3	0
58	13
10	0
2	0
113	0
167	0
5	0
0	0
23	0
0	0
0	5
1	0
5	0
0	0
3	0
17	0
2	0
47	0
4	0
0	0
0	0
1	0
37	0
1	0
45	1
8	1
3	0
82	0
2	0
0	0
0	0
2	0
5	1
8	1
97	0
1	0
8	0
6	4
21	0
0	0
2	0
1	0
0	0
15	0
24	0
77	0
3	0
0	0
4	0
16	0
9	0
2	0
0	0
0	0
2	0
17	0
1	0
1	0
0	0
5	0
2	0
31	0
0	0
34	0
20	0
10	0
10	0
15	0
3	2
41	0
47	10
1	0
60	0
7	0
21	14
49	4
80	0
2	0
0	0
31	0
0	0
6	0
3	0
1	0
0	0
25	28
1	0
4	0
0	0
0	0
0	0
3	0
1	0
1	0
0	0
3	0
0	0
7	0
3	0
20	0
1	0
0	0
34	0
5	0
18	0
41	6
28	0
346	0
0	0
1	0
1	0
5	0
2	0
3	0
3	0
8	0
2	1
8	0
2	0
2	0
35	0
4	0
18	0
0	0
1	0
13	1
3	0
5	0
1	0
111	0
4	0
13	0
2	0
139	0
28	0
2	0
1	0
7	0
26	1
10	2
3	0
3	0
1	0
0	0
2	0
1	0
30	0
1	0
3	0
15	0
9	0
5	0
0	0
7	0
6	0
66	3
0	0
28	0
8	0
0	0
154	29
72	0
0	0
15	0
2	0
22	15
3	0
19	0
5	0
1	0
0	0
0	0
9	0
5	0
17	1
4	0
1	0
6	6
50	0
6	0
14	0
1	0
25	0
24	0
5	0
1	2
3	0
0	0
0	0
3	0
0	0
14	1
9	0
1	0
8	0
2	0
11	0
43	0
2	0
16	0
17	0
1	0
7	0
2	0
0	0
6	0
0	0
2	0
2	0
4	0
24	0
1	0
2	0
4	0
48	0
5	0
6	0
3	0
1	0
3	0
32	0
16	0
21	0
7	0
7	0
18	0
25	4
1	0
3	0
7	0
1	3
0	7
42	0
60	0
47	9
1	0
17	0
11	0
9	0
24	1
2	0
49	0
3	0
2	0
2	0
320	7
11	0
7	0
64	1
4	0
2	0
4	0
2	0
12	0
1	0
0	0
5	0
12	0
29	2
13	1
2	0
8	0
0	0
0	6
2	0
24	0
0	0
4	0
6	0
2	1
8	0
19	0
14	0
6	0
2	0
1	0
2	0
25	0
3	0
8	0
31	0
1	0
5	0
0	0
38	0
0	0
38	0
593	0
0	0
10	0
12	0
11	0
11	0
9	0
8	6
18	0
1	0
3	0
0	0
1	0
11	0
3	0
5	0
6	0
0	0
0	0
0	0
12	0
13	0
15	0
13	0
7	1
4	0
15	0
20	0
22	1
5	0
1	0
10	0
275	0
12	1
29	1
3	0
1	1
63	0
1	0
51	2
13	0
3	0
4	0
6	0
35	1
2	0
2	0
4	0
9	0
10	0
10	2
10	0
4	0
1	0
3	13
11	0
20	0
0	0
4	0
11	0
3	1
78	0
8	0
52	0
7	0
1	4
12	0
15	0
20	0
13	0
8	0
27	0
11	0
124	0
43	0
3	0
2	0
6	0
1	1
2	2
18	1
9	3
8	1
1	0
85	0
0	0
1	0
11	0
6	0
7	1
11	3
35	0
37	0
4	0
3	0
4	0
24	44
0	0
0	0
11	10
13	0
1	0
4	1
441	2
13	0
2	0
0	0
0	0
1	0
0	0
102	0
1	0
7	0
0	0
9	1
49	0
1	0
1	0
6	0
75	9
9	0
37	0
5	0
27	0
4	0
12	3
5	0
146	0
5	0
2	0
2	0
0	0
2	0
4	0
7	0
1	0
0	0
0	0
4	2
1	0
1	0
4	0
18	0
32	1
8	0
2	0
2	0
4	0
158	0
247	17
0	0
0	0
52	0
1	0
177	0
27	9
14	0
2	0
6	0
184	1
20	0
7	0
4	0
0	0
13	0
1	0
1	0
41	5
4	0
0	0
24	1
3	0
1	0
4	1
5	0
13	0
6	0
4	0
142	7
4	1
3	7
11	1
15	0
32	0
2	0
2	0
0	0
0	0
0	0
1	0
208	0
5	1
7	5
2	0
1	0
6	0
11	0
4	0
41	0
84	2
2	0
75	0
0	0
1	0
69	2
4	0
3	2
10	0
0	0
0	0
63	0
1	0
0	0
59	1
2	0
0	0
45	0
4	0
3	0
38	0
25	0
4	0
1	0
7	0
29	1
2	0
1	0
4	0
5	3
4	0
7	1
4	0
1	0
6	0
7	0
24	0
2	0
6	0
2	0
18	1
3	7
0	0
15	0
71	0
3	0
2	0
11	0
4	0
14	0
7	0
37	0
1	0
5	0
46	0
3	0
0	0
102	17
35	0
4	0
3	0
1	0
43	0
5	0
3	0
23	1
0	0
8	0
1	1
3	0
2	1
4	0
10	1
0	0
0	0
3	0
1	0
3	0
30	1
16	0
0	0
1	0
9	0
15	1
0	0
3	0
0	0
9	0
50	0
2	0
3	0
15	1
6	0
108	0
6	0
10	0
3	0
0	1
5	0
7	1
5	5
2	0
22	13
2	0
2	0
1	0
1	0
11	0
23	0
4	0
30	0
103	0
48	0
4	0
11	0
0	0
25	0
3	0
1	0
2	0
0	0
11	0
12	0
7	0
16	0
1	0
2	0
4	0
4	0
349	1
12	0
1	0
15	0
4	0
20	0
9	4
5	0
15	0
62	0
0	0
1	0
3	0
67	0
2	0
14	5
5	2
1	0
0	0
0	0
6	6
27	0
11	0
2	0
26	0
0	0
2	0
18	0
8	0
2	0
6	0
2	0
0	0
1	0
3	0
33	0
7	0
2	0
2	0
3	0
0	0
25	1
0	0
0	0
79	0
129	0
3	0
41	0
6	0
0	0
2	0
6	0
2	0
9	0
9	0
0	6
0	0
2	0
0	0
73	1
0	0
0	0
4	0
2	0
33	2
6	0
2	0
0	1
8	1
0	0
37	7
31	1
0	0
2	0
0	0
3	0
8	0
44	4
1	0
12	0
7	0
12	0
3	0
21	3
4	0
9	10
0	0
154	2
6	7
14	0
12	0
248	1
95	1
58	11
6	0
7	0
17	0
53	0
18	5
10	0
25	1
2	0
9	2
46	0
6	0
5	0
12	0
2	0
49	0
31	0
6	0
19	0
19	0
11	0
1	0
64	0
24	1
5	1
10	0
7	0
8	0
3	0
67	1
4	1
8	0
37	0
5	3
6	0
21	0
11	0
6	1
188	2
123	0
5	0
55	0
11	0
15	0
0	1
41	0
0	0
1	0
30	0
3	0
30	0
11	0
1	0
36	0
2	0
2	0
6	0
0	0
42	4
46	0
28	0
15	0
46	0
34	0
115	3
8	0
7	0
19	0
66	1
0	0
8	0
13	0
40	0
296	2
13	0
65	2
16	1
0	0
204	0
3	0
36	0
124	0
27	0
6	0
23	0
10	0
15	0
8	0
8	1
596	34
0	0
79	7
7	0
0	0
8	2
0	0
120	0
7	0
3	0
12	0
7	0
28	1
1	0
404	3
4	0
56	0
0	0
0	0
74	0
146	0
17	0
577	9
23	0
9	0
6	0
16	13
4	0
9	0
6	0
36	0
15	11
75	1
6	0
10	0
0	0
23	0
72	0
5	0
6	0
21	0
29	41
17	6
12	0
20	0
3	0
8	0
67	1
53	0
1	0
0	0
5	0
32	0
9	0
0	0
138	2
83	0
9	0
14	0
1	0
0	0
59	0
2	0
3	0
29	0
0	0
117	24
3	0
38	0
191	0
29	0
11	0
43	0
45	2
9	0
5	0
619	0
2	0
0	0
11	0
0	0
2	0
12	0
0	0
76	0
3	0
1	0
5	0
2	0
1	0
5	0
2	0
26	0
17	0
22	0
69	3
7	0
5	0
8	0
6	0
3	1
3	0
15	0
14	0
746	0
38	0
12	1
3	0
10	1
2	0
6	0
26	0
0	0
0	0
46	3
8	0
7	0
81	0
22	0
1	0
51	0
0	0
2	0
8	0
189	22
9	0
0	0
8	0
10	1
52	0
24	0
5	0
0	0
1	1
61	0
6	0
6	0
10	0
4	6
9	3
1	0
5	0
1	0
7	0
14	2
10	0
1	0
43	0
7	0
16	0
0	0
31	0
10	0
10	0
10	0
7	0
18	0
2	0
1	0
0	0
94	0
5	0
126	1
54	0
7	0
259	0
51	0
169	4
66	2
15	0
40	0
12	0
7	0
85	0
98	0
4	0
129	12
7	11
7	0
216	8
0	0
17	0
9	0
5	0
14	2
9	0
5	0
6	0
4	3
6	0
2	0
7	0
27	0
22	1
22	1
41	1
20	0
72	0
1	0
34	0
0	0
59	7
2	0
1	0
57	0
7	0
21	12
38	0
288	0
4	0
10	1
1	0
7	0
22	1
1	0
10	0
66	0
37	0
7	0
8	0
4	0
7	1
0	4
51	0
0	0
11	0
4	0
5	1
60	0
12	1
29	0
9	0
28	0
0	0
5	1
0	1
10	1
8	0
0	0
5	0
0	0
14	1
7	0
2	0
7	0
4	1
10	0
1	0
11	0
3	0
7	0
5	0
0	0
0	0
70	0
8	1
6	1
0	0
0	1
6	0
1	0
64	0
11	0
31	0
0	0
14	0
1	0
22	0
10	0
142	5
1	0
5	0
0	0
7	1
1	0
3	0
5	0
11	0
11	0
0	0
1	0
31	0
2	0
5	0
14	0
25	0
3	0
0	0
2	0
48	0
4	0
3	0
1	1
833	3
38	0
8	0
17	0
8	0
16	0
24	0
13	0
12	0
0	0
1	0
6	0
3	0
29	0
27	0
14	0
113	0
26	0
0	0
7	0
22	0
26	0
10	0
8	0
60	4
3	0
26	0
22	0
13	0
16	0
11	0
15	0
1	4
41	1
2	0
0	0
1	0
0	0
42	0
6	0
64	0
43	0
60	1
8	0
20	0
165	0
5	0
7	0
5	0
8	0
9	0
27	2
40	0
18	0
1	0
0	0
3	2
46	1
21	0
22	0
45	3
87	0
3	0
18	0
15	1
11	0
26	0
5	0
14	0
0	1
69	0
1	0
12	0
214	15
29	0
7	0
35	0
1	0
91	0
6	0
0	0
69	0
24	0
16	1
1	0
33	0
8	1
26	0
6	0
24	0
4	0
1	0
5	0
0	0
57	0
1	0
3	1
84	1
25	0
13	1
10	0
2	0
232	0
23	12
11	0
34	2
3	0
166	7
8	0
18	0
14	0
28	1
2	5
5	0
89	0
7	1
11	0
12	0
31	0
0	0
1	0
4	0
129	0
24	0
9	0
6	0
2	0
8	0
2	0
6	0
41	0
3	0
8	0
581	0
4	0
31	0
47	0
4	0
1	0
8	1
17	7
14	7
4	0
4	0
4	0
15	0
2	0
0	0
87	0
15	0
20	0
21	0
289	0
2	0
39	3
5	0
86	1
167	0
0	0
19	2
7	0
1	0
3	0
68	0
0	0
6	0
87	0
0	0
388	0
19	0
2	0
13	0
14	0
15	0
0	0
23	0
4	0
3	0
4	0
0	0
49	0
18	0
3	0
15	0
16	0
0	0
7	1
17	0
20	1
28	1
6	0
11	0
14	0
4	0
143	2
22	0
4	0
3	0
2	0
0	0
3	0
5	0
17	0
11	0
30	0
5	0
3	0
23	6
12	0
38	0
37	0
13	3
35	3
30	0
29	11
4	0
10	0
124	1
0	0
1	0
0	0
2	0
17	0
4	0
8	0
10	0
6	0
21	0
55	0
10	0
81	0
357	4
243	0
328	1
2	0
12	0
0	0
321	0
27	0
69	0
20	6
3	0
1	0
7	0
2	1
3	0
4	0
1	0
11	0
2	0
3	2
40	0
14	0
1	0
3	1
3	0
9	2
2	1
0	0
2	0
64	0
29	0
16	3
2	0
18	0
4	0
1	0
2	0
0	0
0	0
0	0
6	0
32	2
17	0
1	1
21	0
15	0
13	0
26	0
17	0
8	0
0	0
50	0
7	0
35	0
2	0
8	0
18	0
14	0
7	0
1	0
20	2
4	0
24	2
0	0
5	0
3	0
0	0
26	0
6	2
64	0
4	1
13	0
13	0
2	0
0	0
15	0
7	0
8	0
10	0
66	3
2	2
5	0
3	0
41	1
3	0
1	0
2	0
47	1
60	3
4	0
8	1
23	0
23	1
1	0
22	0
0	0
6	0
18	0
205	0
83	0
0	0
41	0
0	0
3	0
20	0
19	0
1	0
82	1
10	0
60	3
11	1
1	0
20	0
0	0
4	0
35	0
1	0
3	0
7	0
15	0
11	0
4	0
0	0
5	2
7	0
0	1
4	0
0	0
5	0
13	0
14	0
0	0
9	0
72	30
2	0
22	0
41	0
44	0
19	0
1	0
5	3
3	1
71	0
29	0
7	0
7	0
0	0
10	0
9	0
213	392
176	0
27	0
4	0
9	1
5	0
62	3
48	3
36	7
1	6
19	5
2	0
0	0
1	0
0	0
36	0
1	0
19	0
3	0
7	0
9	0
7	0
5	0
14	0
4	0
6	0
2	0
1	0
39	2
3	0
3	0
10	0
38	0
29	0
12	1
7	3
11	0
0	0
303	7
23	0
103	0
1	0
0	0
1	0
10	0
36	0
28	0
6	0
51	13
21	0
1	0
2	0
17	0
0	0
4	0
4	0
0	0
2	0
6	2
3	6
3	0
2	0
41	1
2	0
0	0
1	0
4	0
14	0
11	0
14	0
1	0
174	3
3	0
45	0
135	14
33	13
13	0
100	0
57	2
12	28
61	26
76	0
5	1
3	1
3	0
0	0
0	0
0	0
0	0
40	15
6	0
51	0
135	1
24	0
31	0
7	1
21	0
13	0
0	0
2	0
2	0
8	0
53	0
21	0
28	0
5	2
66	0
0	0
2	0
26	0
0	0
12	0
16	5
6	0
0	0
130	1
0	0
17	1
2	0
12	0
2	0
23	9
2	0
1	0
6	0
176	0
0	0
1	1
6	0
2	0
18	1
80	11
47	15
7	0
2	0
18	1
1	1
2	0
48	0
1	0
15	0
0	0
16	0
1	0
18	0
5	0
22	0
2	1
27	0
36	0
10	0
10	0
36	0
3	0
13	0
4	0
19	0
1	0
2	0
2	0
28	0
1	0
18	0
0	0
182	1
7	0
0	0
23	1
9	1
3	0
92	0
51	0
3	0
5	2
4	0
2	0
17	0
1	0
131	1
3	0
1	0
5	0
0	0
72	0
1	0
3	0
15	0
4	0
10	0
5	0
0	1
0	0
0	0
3	0
1	0
21	0
95	0
3	0
4	0
8	0
45	0
3	0
4	0
12	1
2	0
6	0
3	0
8	0
2	0
20	0
0	0
1	12
1	0
2	0
6	0
1	0
0	0
1	0
30	1
11	3
1	0
69	0
13	0
1	0
4	0
2	0
4	1
14	0
37	0
0	0
52	0
0	0
3	0
1	0
4	0
4	1
0	0
55	0
7	0
2	0
12	0
22	0
83	10
22	0
0	0
1	0
6	0
2	0
154	0
1	0
5	0
14	0
103	4
1	0
15	0
3	0
0	0
5	0
2	1
13	0
9	0
5	0
1	1
15	0
13	0
7	0
67	8
21	2
0	0
1	0
2	0
1	0
0	0
13	0
3	0
23	0
4	0
12	0
56	0
9	0
2	0
83	12
2	0
9	0
11	0
9	0
8	0
3	0
1	0
22	0
0	0
27	0
4	0
9	0
8	0
0	0
2	1
143	0
1	0
1	0
0	2
1	2
0	0
14	1
12	13
4	2
0	0
3	0
10	0
111	1
5	1
7	0
8	0
8	0
9	0
1	0
8	0
1	0
8	0
0	0
2	0
2	0
0	0
2	0
7	0
0	0
1	0
1	0
30	2
4	0
19	0
42	0
2	0
3	0
305	0
13	0
20	0
7	0
33	1
61	0
14	0
0	0
2	0
2864	2
1	0
0	0
21	0
0	0
124	1
0	0
0	0
3	0
2	0
31	1
8	0
0	0
28	0
0	0
7	0
16	0
25	0
2	0
5	0
0	0
3	0
0	0
9	0
0	0
0	0
89	0
27	1
2	0
38	0
0	0
5	0
0	0
8	0
9	0
157	5
9	1
0	0
0	0
11	0
10	0
12	0
2	0
7	0
11	0
30	0
58	0
53	0
7	0
20	1
2	0
14	0
3	1
6	0
13	0
5	0
2	0
23	2
27	0
8	0
60	2
1	0
25	0
221	0
28	0
24	0
18	0
11	0
28	0
155	0
5	0
3	0
1	2
0	0
1	0
121	0
95	2
15	5
88	0
1	0
10	0
15	0
1	1
30	0
14	0
11	0
9	0
0	0
59	0
0	0
8	0
1	0
2	0
12	0
1	0
33	0
2	1
1	0
3	0
24	0
10	0
5	0
1	0
0	0
15	0
30	0
96	0
2	0
1	0
20	0
1	0
41	0
71	0
31	0
62	0
15	0
9	1
6	0
45	0
7	0
8	0
34	5
0	0
2	0
0	0
10	1
3	0
8	0
94	0
86	0
3	0
8	0
16	5
1	0
0	0
1	0
26	1
1	0
1	0
19	0
8	0
0	0
5	1
15	0
21	0
0	0
153	5
22	0
4	0
76	0
0	0
24	1
15	0
2	0
5	0
8	0
43	0
4	0
4	3
16	3
14	0
9	0
15	0
1	1
100	0
37	0
3	0
1	0
7	0
40	0
9	15
21	2
4	0
2	0
9	0
1	0
0	0
2	0
45	0
14	1
2	0
28	0
1	0
20	0
2	0
22	1
2	0
6	0
9	0
6	0
204	0
31	5
10	0
191	0
7	0
83	1
373	3
18	1
42	0
12	0
42	0
14	0
0	0
5	0
1	0
30	0
0	1
5	5
4	0
2	1
4	0
4	0
11	2
9	5
51	0
1	0
0	0
2	0
19	0
39	0
0	0
1	0
1	0
2	0
5	10
240	29
5	1
1	0
19	0
1	0
8	0
72	0
15	0
11	0
2	0
240	0
107	10
1	0
48	0
55	1
19	0
0	0
6	0
2	0
4	0
0	0
17	0
3	0
2	0
2	0
9	0
11	0
1	0
1	0
0	0
4	0
0	0
22	0
48	1
3	0
3	0
6	0
4	0
94	10
0	0
1	0
3	0
0	0
1	0
18	0
24	0
33	0
10	0
360	0
12	0
20	2
2	0
8	0
465	0
6	0
10	1
274	0
25	0
55	0
54	4
10	0
7	0
4	0
34	0
6	0
22	1
21	0
2	0
11	2
131	0
68	0
12	0
40	0
0	46
2	0
38	1
2	0
0	0
7	0
2	0
4	4
8	2
0	13
12	3
6	6
6	0
4	0
0	13
15	1
0	3
0	1
26	0
3	0
8	0
