	A1_FB_ShallowInflow	A3_1mMystic	A4_3mMystic	A5_5mMystic	A6_7mMystic	A7_9mMystic	A8_11mMystic	B1_13mMystic	B2_15mMystic	B3_17mMystic	B4_19mMystic	B5_20mMystic	B6_21mMystic	B7_22mMystic	B9_PosControlEColiMystic	H2_PosControlEBAlly	H3_PosControlEMAlly	Kingdom	Phylum	Class	Order	Family	Genus
Bin 52	0.01396648044692737	0.00176678445229682	0.0028368794326241141	0.0018552875695732832	0.0	0.0	0.0	0.0012562814070351759	0.0	0.0	0.0	0.0	0.0	0.0	0.0022448171134292882	0.0022655977692575806	0.31905465288035445	Bacteria	Cyanobacteria/Chloroplast	Cyanobacteria	Family XI	Family XI	GpXI
seq381	0.0	0.0	0.0	0.0	0.0	0.0	0.0	0.0045454545454545452	0.0	0.0	0.0	0.0	0.0	0.0	0.0	0.0	0.13114754098360656	Bacteria	Cyanobacteria/Chloroplast	Cyanobacteria	Family XI	Family XI	GpXI
seq672	0.0	0.0	0.0	0.0	0.0	0.0	0.0	0.0	0.0	0.0	0.0	0.0	0.0	0.0	0.0	0.0	0.016393442622950821	Bacteria	Cyanobacteria/Chloroplast	Cyanobacteria	Family XI	Family XI	GpXI
Bin 18	0.0	0.0	0.0	0.0	0.0	0.0	0.0	0.0	0.0	0.0	0.0	0.0	0.0	0.0	0.0	0.0	0.16852423794816701	Bacteria					
seq399	0.0	0.0	0.0	0.0	0.0	0.0	0.0	0.0045454545454545452	0.0	0.0	0.0	0.0	0.0	0.0	0.0	0.0	0.049180327868852458	Bacteria	Proteobacteria	Alphaproteobacteria	Sphingomonadales	Sphingomonadaceae	
seq668	0.0	0.0	0.0	0.0	0.0	0.0	0.0	0.0	0.0	0.0	0.0	0.0	0.0	0.0	0.0	0.0	0.098360655737704916	Bacteria	candidate division WPS-1				
seq669	0.0	0.0	0.0	0.0	0.0	0.0	0.0	0.0	0.0	0.0	0.0	0.0	0.0	0.0	0.0	0.0	0.016393442622950821	Bacteria	Bacteroidetes	Cytophagia	Cytophagales	Cytophagaceae	Runella
seq670	0.0	0.0	0.0	0.0	0.0	0.0	0.0	0.0	0.0	0.0	0.0	0.0	0.0	0.0	0.0	0.0	0.016393442622950821	Bacteria	Proteobacteria	Alphaproteobacteria	Sphingomonadales	Sphingomonadaceae	Sphingobium
seq671	0.0	0.0	0.0	0.0	0.0	0.0	0.0	0.0	0.0	0.0	0.0	0.0	0.0	0.0	0.0	0.0	0.016393442622950821	Bacteria	Actinobacteria	Actinobacteria	Actinomycetales	Microbacteriaceae	Cryobacterium
seq673	0.0	0.0	0.0	0.0	0.0	0.0	0.0	0.0	0.0	0.0	0.0	0.0	0.0	0.0	0.0	0.0	0.032786885245901641	Bacteria	Proteobacteria	Gammaproteobacteria	Enterobacteriales	Enterobacteriaceae	
Bin 60	0.0	0.0	0.0	0.0	0.0	0.0	0.0019723865877712028	0.0062814070351758788	0.014170040485829951	0.0053929121725731898	0.0015105740181268882	0.0019704433497536949	0.0008250825082508252	0.00091911764705882373	0.0	0.0	0.0	Bacteria	Bacteroidetes				
seq435	0.0	0.0	0.0	0.0	0.0	0.0	0.0	0.0	0.0032679738562091504	0.0	0.0	0.0	0.0	0.0	0.0	0.0	0.0	Bacteria	Bacteroidetes	Flavobacteriia	Flavobacteriales	Flavobacteriaceae	Flavobacterium
seq441	0.0	0.0	0.0	0.0	0.0	0.0	0.0	0.0	0.0032679738562091504	0.0	0.0	0.0	0.0	0.0	0.0	0.0	0.0	Bacteria	Bacteroidetes				
seq467	0.0	0.0	0.0	0.0	0.0	0.0	0.0	0.0	0.0032679738562091504	0.0	0.0	0.0	0.0	0.0	0.0	0.0	0.0	Bacteria	Bacteroidetes	Bacteroidia	Bacteroidales		
seq487	0.0	0.0	0.0	0.0	0.0	0.0	0.0	0.0	0.0032679738562091504	0.0	0.0	0.0	0.0	0.0	0.0	0.0	0.0	Bacteria	Bacteroidetes				
seq488	0.0	0.0	0.0	0.0	0.0	0.0	0.0	0.0	0.0032679738562091504	0.0	0.0	0.0	0.0	0.0	0.0	0.0	0.0	Bacteria	Bacteroidetes				
Bin 62	0.0	0.0	0.0	0.0	0.0	0.0	0.0	0.069095477386934667	0.034412955465587022	0.024653312788906014	0.012084592145015106	0.009852216748768473	0.0099009900990099011	0.0082720588235294136	0.0	0.0	0.0	Bacteria	Proteobacteria	Gammaproteobacteria	Methylococcales	Methylococcaceae	
seq403	0.0	0.0	0.0	0.0	0.0	0.0	0.0	0.0045454545454545452	0.0032679738562091504	0.0	0.0	0.0	0.0	0.0	0.0	0.0	0.0	Bacteria	Proteobacteria	Gammaproteobacteria	Methylococcales	Methylococcaceae	
Bin 49	0.011173184357541896	0.0053003533568904597	0.0056737588652482282	0.018552875695732832	0.062686567164179086	0.053571428571428568	0.05325443786982248	0.026381909547738693	0.0040485829959514153	0.0023112480739599386	0.0015105740181268882	0.00098522167487684743	0.0008250825082508252	0.00091911764705882373	0.0	0.0	0.0	Bacteria	Proteobacteria	Betaproteobacteria	Methylophilales	Methylophilaceae	Methylotenera
seq60	0.0057142857142857143	0.013422818791946308	0.017699115044247787	0.0	0.021052631578947368	0.030303030303030304	0.02336448598130841	0.0090909090909090905	0.0	0.0	0.0	0.0	0.0	0.0	0.0	0.0	0.0	Bacteria	Proteobacteria	Betaproteobacteria			
Bin 4	0.0027932960893854741	0.0	0.0	0.0018552875695732832	0.0	0.0	0.0	0.075376884422110546	0.14777327935222664	0.1070878274268105	0.074018126888217531	0.082758620689655171	0.078382838283828388	0.057904411764705892	0.0	0.0	0.0	Bacteria	Proteobacteria	Betaproteobacteria	Burkholderiales	Comamonadaceae	
seq139	0.0	0.0067114093959731542	0.0	0.026315789473684209	0.005263157894736842	0.036363636363636362	0.0046728971962616819	0.081818181818181818	0.14052287581699346	0.078260869565217397	0.038461538461538464	0.068965517241379309	0.083333333333333329	0.05128205128205128	0.0	0.0	0.0	Bacteria	Proteobacteria	Betaproteobacteria	Burkholderiales	Comamonadaceae	Rhodoferax
Bin 43	0.11173184357541896	0.03180212014134276	0.043971631205673767	0.011131725417439699	0.01791044776119402	0.0099206349206349201	0.0078895463510848113	0.003768844221105527	0.0020242914979757077	0.0023112480739599386	0.0030211480362537764	0.0029556650246305416	0.0033003300330033008	0.0027573529411764708	0.0	0.0	0.0	Bacteria	Proteobacteria	Alphaproteobacteria	SAR11	SAR11	Candidatus Pelagibacter
seq84	0.0057142857142857143	0.0	0.0	0.0	0.0	0.0	0.0	0.0	0.0	0.0	0.0	0.0	0.0	0.0	0.0	0.0	0.0	Bacteria	Proteobacteria	Alphaproteobacteria	Sphingomonadales	Sphingomonadaceae	
Bin 33	0.0027932960893854741	0.00176678445229682	0.0014184397163120571	0.02411873840445268	0.0089552238805970102	0.003968253968253968	0.0019723865877712028	0.016331658291457284	0.0020242914979757077	0.0023112480739599386	0.0015105740181268882	0.0019704433497536949	0.0016501650165016504	0.0018382352941176475	0.0	0.0	0.0	Bacteria	Proteobacteria	Betaproteobacteria	Burkholderiales	Comamonadaceae	
seq8	0.017142857142857144	0.0067114093959731542	0.0	0.0065789473684210523	0.005263157894736842	0.012121212121212121	0.0046728971962616819	0.018181818181818181	0.0	0.0086956521739130436	0.0	0.0	0.0	0.0	0.0	0.0	0.0	Bacteria	Proteobacteria	Betaproteobacteria	Burkholderiales	Comamonadaceae	Acidovorax
Bin 13	0.0	0.0	0.0	0.0018552875695732832	0.041791044776119383	0.001984126984126984	0.0	0.0	0.0	0.0	0.0	0.0	0.0	0.0	0.0	0.0	0.0	Bacteria	Proteobacteria	Betaproteobacteria	Nitrosomonadales	Nitrosomonadaceae	
seq275	0.0	0.0	0.0	0.0	0.005263157894736842	0.0	0.0	0.0	0.0	0.0	0.0	0.0	0.0	0.0	0.0	0.0	0.0	Bacteria	Proteobacteria	Betaproteobacteria			
Bin 41	0.0	0.0	0.0	0.0	0.0	0.0	0.0098619329388560141	0.017587939698492459	0.0060728744939271221	0.0077041602465331288	0.010574018126888216	0.010837438423645322	0.0090759075907590782	0.0073529411764705899	0.0	0.0	0.0	Bacteria	Proteobacteria	Gammaproteobacteria			
seq308	0.0	0.0	0.0	0.0	0.0	0.0060606060606060606	0.02336448598130841	0.086363636363636365	0.032679738562091505	0.034782608695652174	0.032967032967032968	0.034482758620689655	0.047619047619047616	0.038461538461538464	0.0	0.0	0.0	Bacteria	Proteobacteria	Gammaproteobacteria	Methylococcales	Methylococcaceae	Methylobacter
Bin 70	0.0083798882681564209	0.00353356890459364	0.0028368794326241141	0.087198515769944307	0.03283582089552238	0.01984126984126984	0.011834319526627217	0.018844221105527637	0.0060728744939271221	0.0015408320493066258	0.0	0.0	0.0008250825082508252	0.0	0.0	0.0	0.0	Bacteria	Proteobacteria	Betaproteobacteria	Burkholderiales	Comamonadaceae	
seq203	0.0	0.0	0.0	0.013157894736842105	0.0	0.012121212121212121	0.0093457943925233638	0.0	0.0032679738562091504	0.0086956521739130436	0.0	0.0	0.0	0.0	0.0	0.0	0.0	Bacteria	Proteobacteria	Betaproteobacteria	Burkholderiales	Comamonadaceae	
Bin 73	0.0027932960893854741	0.00176678445229682	0.0014184397163120571	0.26716141001855276	0.0059701492537313407	0.0	0.0	0.003768844221105527	0.0060728744939271221	0.0038520801232665644	0.0045317220543806642	0.0039408866995073897	0.0033003300330033008	0.0036764705882352949	0.0	0.0	0.0	Bacteria	Proteobacteria	Betaproteobacteria			
seq46	0.017142857142857144	0.0	0.0	0.0065789473684210523	0.0	0.0	0.0	0.0	0.0	0.0	0.0	0.0	0.0	0.0	0.0	0.0	0.0	Bacteria	Proteobacteria	Betaproteobacteria	Burkholderiales	Comamonadaceae	Acidovorax
Bin 14	0.0027932960893854741	0.0	0.0	0.0	0.0	0.0	0.0	0.022613065326633163	0.022267206477732782	0.015408320493066258	0.016616314199395771	0.014778325123152709	0.012376237623762377	0.010110294117647061	0.00019807209824376071	0.00017427675148135239	0.0001342822613132805	Bacteria	Proteobacteria	Gammaproteobacteria			
seq389	0.0	0.0	0.0	0.0	0.0	0.0	0.0	0.031818181818181815	0.022875816993464051	0.017391304347826087	0.0	0.0	0.0	0.0	0.0	0.0	0.0	Bacteria	Proteobacteria	Gammaproteobacteria			
Bin 66	0.030726256983240215	0.11307420494699648	0.10496453900709223	0.0018552875695732832	0.0	0.0	0.0	0.0	0.0	0.0	0.0	0.0	0.0	0.0	0.0	0.0	0.0	Bacteria	Proteobacteria	Betaproteobacteria			
seq24	0.0057142857142857143	0.020134228187919462	0.0088495575221238937	0.0	0.0	0.0	0.0	0.0	0.0	0.0	0.0	0.0	0.0	0.0	0.0	0.0	0.0	Bacteria	Proteobacteria	Betaproteobacteria			
Bin 53	0.069832402234636853	0.024734982332155479	0.0297872340425532	0.011131725417439699	0.0089552238805970102	0.017857142857142856	0.025641025641025637	0.013819095477386934	0.0020242914979757077	0.0015408320493066258	0.0015105740181268882	0.00098522167487684743	0.0008250825082508252	0.00091911764705882373	0.0	0.0	0.0	Bacteria	Proteobacteria	Betaproteobacteria	Methylophilales	Methylophilaceae	Methylotenera
seq15	0.051428571428571428	0.040268456375838924	0.017699115044247787	0.0	0.005263157894736842	0.0060606060606060606	0.0	0.0	0.0032679738562091504	0.0	0.0054945054945054949	0.0	0.0	0.0	0.0	0.0	0.0	Bacteria	Proteobacteria	Betaproteobacteria	Burkholderiales	Oxalobacteraceae	
Bin 78	0.0	0.0	0.0	0.0	0.0	0.0	0.0	0.066582914572864318	0.042510121457489856	0.025423728813559324	0.045317220543806644	0.045320197044334973	0.035478547854785478	0.03033088235294118	0.0	0.0	0.0	Bacteria	Proteobacteria	Gammaproteobacteria	Methylococcales	Methylococcaceae	
seq458	0.0	0.0	0.0	0.0	0.0	0.0	0.0	0.0	0.0098039215686274508	0.0	0.0054945054945054949	0.0086206896551724137	0.0	0.0	0.0	0.0	0.0	Bacteria	Proteobacteria	Gammaproteobacteria	Methylococcales	Methylococcaceae	
Bin 72	0.0027932960893854741	0.0	0.0	0.0018552875695732832	0.0	0.0	0.0019723865877712028	0.013819095477386934	0.014170040485829951	0.0077041602465331288	0.0030211480362537764	0.0029556650246305416	0.0024752475247524753	0.0018382352941176475	0.0	0.0	0.0	Bacteria	Bacteroidetes				
seq380	0.0	0.0	0.0	0.0	0.0	0.0	0.0	0.013636363636363636	0.0065359477124183009	0.0	0.0	0.0	0.0	0.0	0.0	0.0	0.0	Bacteria	Bacteroidetes	Sphingobacteriia	Sphingobacteriales	Chitinophagaceae	
Bin 46	0.0	0.0	0.0	0.014842300556586266	0.0089552238805970102	0.013888888888888886	0.0059171597633136085	0.012562814070351758	0.0060728744939271221	0.00077041602465331292	0.0	0.0	0.0	0.0	0.0	0.0	0.0	Bacteria	Bacteroidetes				
seq7	0.0057142857142857143	0.0067114093959731542	0.0	0.026315789473684209	0.031578947368421054	0.036363636363636362	0.018691588785046728	0.031818181818181815	0.0065359477124183009	0.0	0.0054945054945054949	0.0	0.0	0.0	0.0	0.0	0.0	Bacteria	Bacteroidetes	Sphingobacteriia	Sphingobacteriales	Chitinophagaceae	Sediminibacterium
Bin 83	0.025139664804469268	0.084805653710247356	0.078014184397163136	0.0018552875695732832	0.0	0.0	0.0	0.0	0.0	0.0	0.0	0.0	0.0	0.0	0.0	0.0	0.0	Bacteria	Proteobacteria	Betaproteobacteria	Burkholderiales		
seq110	0.0	0.020134228187919462	0.017699115044247787	0.0	0.0	0.0	0.0093457943925233638	0.0	0.0	0.0	0.0	0.0	0.0	0.0	0.0	0.0	0.0	Bacteria	Proteobacteria	Betaproteobacteria	Burkholderiales	Oxalobacteraceae	
seq99	0.0	0.020134228187919462	0.0088495575221238937	0.0	0.0	0.0	0.0	0.0	0.0	0.0	0.0	0.0	0.0	0.0	0.0	0.0	0.0	Bacteria	Proteobacteria	Betaproteobacteria	Burkholderiales		
Bin 65	0.0027932960893854741	0.00353356890459364	0.0028368794326241141	0.0055658627087198497	0.023880597014925363	0.01984126984126984	0.027613412228796836	0.037688442211055273	0.032388663967611322	0.022342064714946073	0.015105740181268881	0.014778325123152709	0.012376237623762377	0.010110294117647061	0.0	0.0	0.0	Bacteria	Actinobacteria				
seq109	0.0	0.0067114093959731542	0.0088495575221238937	0.13157894736842105	0.1368421052631579	0.10909090909090909	0.051401869158878503	0.077272727272727271	0.058823529411764705	0.060869565217391307	0.038461538461538464	0.043103448275862072	0.035714285714285712	0.01282051282051282	0.0	0.0	0.0	Bacteria	Actinobacteria	Actinobacteria	Actinomycetales		
Bin 8	0.039106145251396635	0.070671378091872794	0.072340425531914901	0.016697588126159547	0.014925373134328353	0.0079365079365079361	0.0078895463510848113	0.0062814070351758788	0.0	0.00077041602465331292	0.0	0.00098522167487684743	0.0008250825082508252	0.0	0.0	0.0	0.0	Bacteria	Proteobacteria	Betaproteobacteria	Burkholderiales	Comamonadaceae	
seq51	0.0057142857142857143	0.0067114093959731542	0.017699115044247787	0.0	0.0	0.0060606060606060606	0.0	0.0	0.0	0.0	0.0	0.0	0.0	0.0	0.0	0.0	0.0	Bacteria	Proteobacteria	Betaproteobacteria	Burkholderiales	Comamonadaceae	
Bin 27	0.0	0.0	0.0	0.011131725417439699	0.086567164179104442	0.001984126984126984	0.0019723865877712028	0.0012562814070351759	0.0	0.0	0.0	0.0	0.0	0.0	0.0	0.0	0.0	Bacteria	Bacteroidetes	Flavobacteriia	Flavobacteriales	Flavobacteriaceae	
seq264	0.0	0.0	0.0	0.0	0.010526315789473684	0.0	0.0	0.0	0.0	0.0	0.0	0.0	0.0	0.0	0.0	0.0	0.0	Bacteria	Bacteroidetes	Flavobacteriia	Flavobacteriales	Flavobacteriaceae	Flavobacterium
seq269	0.0	0.0	0.0	0.0	0.005263157894736842	0.0	0.0	0.0	0.0	0.0	0.0	0.0	0.0	0.0	0.0	0.0	0.0	Bacteria	Bacteroidetes	Flavobacteriia	Flavobacteriales	Flavobacteriaceae	Flavobacterium
Bin 10	0.0	0.0	0.0	0.0	0.0	0.0	0.0	0.0	0.0	0.0015408320493066258	0.019637462235649546	0.021674876847290643	0.024752475247524754	0.036764705882352949	0.0	0.0	0.0	Bacteria	Proteobacteria	Deltaproteobacteria	Desulfuromonadales	Geobacteraceae	
seq495	0.0	0.0	0.0	0.0	0.0	0.0	0.0	0.0	0.0	0.026086956521739129	0.01098901098901099	0.0	0.023809523809523808	0.02564102564102564	0.0	0.0	0.0	Bacteria	Proteobacteria	Deltaproteobacteria	Desulfuromonadales	Geobacteraceae	
Bin 76	0.0	0.0	0.0	0.0	0.0	0.0	0.0	0.0012562814070351759	0.010121457489878537	0.010015408320493068	0.012084592145015106	0.012807881773399015	0.012376237623762377	0.010110294117647061	0.0	0.0	0.0001342822613132805	Bacteria	Proteobacteria				
seq343	0.0	0.0	0.0	0.0	0.0	0.0	0.0093457943925233638	0.0	0.06535947712418301	0.12173913043478261	0.071428571428571425	0.068965517241379309	0.095238095238095233	0.064102564102564097	0.0	0.0	0.0	Bacteria	Proteobacteria	Betaproteobacteria			
Bin 58	0.0	0.0	0.0	0.0	0.0	0.001984126984126984	0.0059171597633136085	0.003768844221105527	0.0040485829959514153	0.0053929121725731898	0.015105740181268881	0.014778325123152709	0.012376237623762377	0.011029411764705883	0.0	0.0	0.0	Bacteria	Proteobacteria	Gammaproteobacteria			
seq527	0.0	0.0	0.0	0.0	0.0	0.0	0.0	0.0	0.0	0.0	0.0054945054945054949	0.017241379310344827	0.0	0.0	0.0	0.0	0.0	Bacteria	Proteobacteria	Gammaproteobacteria	Methylococcales	Methylococcaceae	Methylobacter
Bin 81	0.0	0.0	0.0	0.0	0.0	0.0	0.0	0.0075376884422110541	0.028340080971659902	0.020030816640986136	0.016616314199395771	0.015763546798029559	0.013201320132013203	0.011029411764705883	0.0	0.0	0.0	Bacteria	Bacteroidetes				
seq337	0.0	0.0	0.0	0.0	0.0	0.0	0.0046728971962616819	0.0045454545454545452	0.016339869281045753	0.0086956521739130436	0.0	0.0	0.0	0.0	0.0	0.0	0.0	Bacteria	Bacteroidetes	Cytophagia	Cytophagales	Flammeovirgaceae	Cesiribacter
Bin 29	0.011173184357541896	0.045936395759717322	0.049645390070921995	0.0037105751391465665	0.0	0.0	0.0	0.0	0.0	0.0	0.0	0.0	0.0	0.0	0.0	0.0	0.0	Bacteria	Cyanobacteria/Chloroplast	Cyanobacteria	Family II		
seq124	0.0	0.0067114093959731542	0.026548672566371681	0.0	0.0	0.0	0.0	0.0	0.0	0.0	0.0	0.0	0.0	0.0	0.0	0.0	0.0	Bacteria	Cyanobacteria/Chloroplast	Cyanobacteria	Family II	Family II	GpIIa
Bin 7	0.0027932960893854741	0.00176678445229682	0.0014184397163120571	0.0	0.0	0.0	0.0019723865877712028	0.0075376884422110541	0.012145748987854244	0.010015408320493068	0.0060422960725075529	0.0059113300492610833	0.0049504950495049506	0.0036764705882352949	0.0	0.0	0.0	Bacteria	Actinobacteria				
seq430	0.0	0.0	0.0	0.0	0.0	0.0	0.0	0.0	0.0032679738562091504	0.0	0.0	0.0	0.0	0.0	0.0	0.0	0.0	Bacteria	Actinobacteria	Actinobacteria	Actinomycetales		
seq442	0.0	0.0	0.0	0.0	0.0	0.0	0.0	0.0	0.0065359477124183009	0.0	0.0	0.0	0.0	0.0	0.0	0.0	0.0	Bacteria	Actinobacteria	Actinobacteria	Actinomycetales		
seq464	0.0	0.0	0.0	0.0	0.0	0.0	0.0	0.0	0.0032679738562091504	0.0	0.0	0.0	0.0	0.0	0.0	0.0	0.0	Bacteria	Actinobacteria	Actinobacteria	Actinomycetales		
seq474	0.0	0.0	0.0	0.0	0.0	0.0	0.0	0.0	0.0032679738562091504	0.0	0.0	0.0	0.0	0.0	0.0	0.0	0.0	Bacteria	Actinobacteria	Actinobacteria	Actinomycetales	Geodermatophilaceae	Blastococcus
seq491	0.0	0.0	0.0	0.0	0.0	0.0	0.0	0.0	0.0032679738562091504	0.0	0.0	0.0	0.0	0.0	0.0	0.0	0.0	Bacteria	Actinobacteria	Actinobacteria			
Bin 87	0.030726256983240215	0.01590106007067138	0.015602836879432629	0.0092764378478664162	0.014925373134328353	0.0079365079365079361	0.0059171597633136085	0.0050251256281407036	0.0020242914979757077	0.0023112480739599386	0.0015105740181268882	0.0019704433497536949	0.0016501650165016504	0.0018382352941176475	0.0	0.0	0.0	Bacteria	Actinobacteria	Actinobacteria	Actinomycetales		
seq26	0.022857142857142857	0.0067114093959731542	0.0088495575221238937	0.0	0.010526315789473684	0.0	0.0046728971962616819	0.0045454545454545452	0.0	0.0	0.0	0.0	0.0	0.0	0.0	0.0	0.0	Bacteria	Actinobacteria	Actinobacteria	Actinomycetales	Propionibacteriaceae	
Bin 26	0.0	0.0	0.0	0.0	0.0	0.0	0.0	0.0	0.0	0.0	0.0	0.0	0.0	0.0	0.99564241383863716	0.99546880446148478	0.51094400429703224	Bacteria	Proteobacteria	Gammaproteobacteria	Enterobacteriales	Enterobacteriaceae	
seq633	0.0	0.0	0.0	0.0	0.0	0.0	0.0	0.0	0.0	0.0	0.0	0.0	0.0	0.0	0.94214876033057848	0.94380853277835586	0.60655737704918034	Bacteria	Proteobacteria	Gammaproteobacteria	Enterobacteriales	Enterobacteriaceae	
seq634	0.0	0.0	0.0	0.0	0.0	0.0	0.0	0.0	0.0	0.0	0.0	0.0	0.0	0.0	0.027548209366391185	0.029136316337148804	0.016393442622950821	Bacteria	Proteobacteria	Gammaproteobacteria	Enterobacteriales	Enterobacteriaceae	
Bin 48	0.0	0.0	0.0	0.0	0.0	0.0	0.0	0.0012562814070351759	0.012145748987854244	0.019260400616332822	0.015105740181268881	0.013793103448275862	0.014026402640264028	0.012867647058823531	0.0	0.0	0.0	Bacteria	Bacteroidetes				
seq395	0.0	0.0	0.0	0.0	0.0	0.0	0.0	0.0045454545454545452	0.0032679738562091504	0.017391304347826087	0.01098901098901099	0.0086206896551724137	0.011904761904761904	0.0	0.0	0.0	0.0	Bacteria	Bacteroidetes				
Bin 79	0.047486033519553057	0.04770318021201414	0.046808510638297877	0.0055658627087198497	0.0029850746268656704	0.0	0.0	0.0	0.0	0.0	0.0	0.0	0.0	0.0	0.0	0.0	0.0	Bacteria	Proteobacteria	Betaproteobacteria	Burkholderiales		
seq54	0.017142857142857144	0.0	0.035398230088495575	0.0	0.0	0.012121212121212121	0.014018691588785047	0.0045454545454545452	0.0032679738562091504	0.0	0.0	0.0086206896551724137	0.0	0.0	0.0	0.0	0.0	Bacteria	Proteobacteria	Betaproteobacteria	Burkholderiales	Burkholderiaceae	Polynucleobacter
Bin 56	0.0	0.0	0.0	0.0	0.0	0.0	0.0	0.0	0.0	0.0015408320493066258	0.030211480362537763	0.037438423645320199	0.037128712871287134	0.047794117647058834	0.0	0.0	0.0	Bacteria	Bacteroidetes				
seq483	0.0	0.0	0.0	0.0	0.0	0.0	0.0	0.0	0.0032679738562091504	0.0	0.0054945054945054949	0.0086206896551724137	0.011904761904761904	0.01282051282051282	0.0	0.0	0.0	Bacteria	Bacteroidetes	Flavobacteriia	Flavobacteriales		
Bin 69	0.0	0.0	0.0	0.0	0.0059701492537313407	0.0099206349206349201	0.013806706114398418	0.011306532663316582	0.0040485829959514153	0.0038520801232665644	0.0030211480362537764	0.0029556650246305416	0.0024752475247524753	0.0018382352941176475	0.0	0.0	0.0	Bacteria	Proteobacteria	Betaproteobacteria	Burkholderiales	Burkholderiaceae	
seq382	0.0	0.0	0.0	0.0	0.0	0.0	0.0	0.0090909090909090905	0.0	0.0	0.0054945054945054949	0.0086206896551724137	0.0	0.0	0.0	0.0	0.0	Bacteria	Proteobacteria	Betaproteobacteria	Burkholderiales	Burkholderiaceae	Polynucleobacter
Bin 38	0.0	0.0	0.0	0.0	0.0	0.0	0.0	0.0	0.0080971659919028306	0.015408320493066258	0.010574018126888216	0.0088669950738916262	0.011551155115511552	0.011948529411764709	0.0	0.0	0.0	Bacteria					
seq457	0.0	0.0	0.0	0.0	0.0	0.0	0.0	0.0	0.0065359477124183009	0.026086956521739129	0.016483516483516484	0.0086206896551724137	0.023809523809523808	0.02564102564102564	0.0	0.0	0.0	Bacteria	Acidobacteria	Holophagae	Holophagales	Holophagaceae	Geothrix
Bin 25	0.0027932960893854741	0.0	0.0	0.0	0.0	0.0	0.0	0.0	0.0	0.0030816640986132517	0.024169184290030211	0.032512315270935961	0.047854785478547858	0.090073529411764733	0.0	0.0	0.0	Bacteria	Proteobacteria				
seq594	0.0	0.0	0.0	0.0	0.0	0.0	0.0	0.0	0.0	0.0	0.0	0.0086206896551724137	0.011904761904761904	0.01282051282051282	0.0	0.0	0.0	Bacteria	Proteobacteria	Betaproteobacteria	Gallionellales	Gallionellaceae	Gallionella
Bin 51	0.0027932960893854741	0.00353356890459364	0.0028368794326241141	0.057513914656771782	0.083582089552238767	0.037698412698412689	0.03747534516765285	0.022613065326633163	0.0080971659919028306	0.0038520801232665644	0.0015105740181268882	0.00098522167487684743	0.0008250825082508252	0.00091911764705882373	0.0	0.0	0.0	Bacteria	Actinobacteria				
seq191	0.0	0.0	0.0	0.0065789473684210523	0.031578947368421054	0.012121212121212121	0.0093457943925233638	0.0090909090909090905	0.0032679738562091504	0.0	0.0	0.0	0.0	0.0	0.0	0.0	0.0	Bacteria	Actinobacteria	Actinobacteria	Actinomycetales		
Bin 63	0.0	0.0	0.0	0.0	0.023880597014925363	0.063492063492063489	0.092702169625246536	0.023869346733668338	0.0020242914979757077	0.00077041602465331292	0.0	0.0	0.0	0.0	0.0	0.0	0.0	Bacteria	Proteobacteria				
seq330	0.0	0.0	0.0	0.0	0.0	0.0	0.0046728971962616819	0.0	0.0	0.0	0.0	0.0	0.0	0.0	0.0	0.0	0.0	Bacteria	Proteobacteria				
seq332	0.0	0.0	0.0	0.0	0.0	0.0	0.0046728971962616819	0.0	0.0	0.0	0.0	0.0	0.0	0.0	0.0	0.0	0.0	Bacteria	Proteobacteria	Gammaproteobacteria			
seq333	0.0	0.0	0.0	0.0	0.0	0.0	0.0046728971962616819	0.0	0.0	0.0	0.0	0.0	0.0	0.0	0.0	0.0	0.0	Bacteria	Proteobacteria	Gammaproteobacteria			
seq335	0.0	0.0	0.0	0.0	0.0	0.0	0.0046728971962616819	0.0	0.0	0.0	0.0	0.0	0.0	0.0	0.0	0.0	0.0	Bacteria	Proteobacteria	Betaproteobacteria	Burkholderiales	Oxalobacteraceae	
seq336	0.0	0.0	0.0	0.0	0.0	0.0	0.0046728971962616819	0.0	0.0	0.0	0.0	0.0	0.0	0.0	0.0	0.0	0.0	Bacteria	Proteobacteria				
seq342	0.0	0.0	0.0	0.0	0.0	0.0	0.0046728971962616819	0.0	0.0	0.0	0.0	0.0	0.0	0.0	0.0	0.0	0.0	Bacteria	Proteobacteria	Betaproteobacteria	Neisseriales	Neisseriaceae	Deefgea
seq344	0.0	0.0	0.0	0.0	0.0	0.0	0.0046728971962616819	0.0	0.0	0.0	0.0	0.0	0.0	0.0	0.0	0.0	0.0	Bacteria	Proteobacteria				
seq347	0.0	0.0	0.0	0.0	0.0	0.0	0.0093457943925233638	0.0	0.0	0.0	0.0	0.0	0.0	0.0	0.0	0.0	0.0	Bacteria	Proteobacteria	Betaproteobacteria	Nitrosomonadales	Nitrosomonadaceae	Nitrosomonas
seq351	0.0	0.0	0.0	0.0	0.0	0.0	0.0046728971962616819	0.0	0.0	0.0	0.0	0.0	0.0	0.0	0.0	0.0	0.0	Bacteria	Proteobacteria	Betaproteobacteria			
seq356	0.0	0.0	0.0	0.0	0.0	0.0	0.0046728971962616819	0.0	0.0	0.0	0.0	0.0	0.0	0.0	0.0	0.0	0.0	Bacteria	Proteobacteria				
seq362	0.0	0.0	0.0	0.0	0.0	0.0	0.0093457943925233638	0.0	0.0	0.0	0.0	0.0	0.0	0.0	0.0	0.0	0.0	Bacteria	Proteobacteria	Betaproteobacteria	Burkholderiales		
seq363	0.0	0.0	0.0	0.0	0.0	0.0	0.0046728971962616819	0.0	0.0	0.0	0.0	0.0	0.0	0.0	0.0	0.0	0.0	Bacteria	Proteobacteria	Alphaproteobacteria	Rhodospirillales	Reyranella	Reyranella
seq364	0.0	0.0	0.0	0.0	0.0	0.0	0.0046728971962616819	0.0	0.0	0.0	0.0	0.0	0.0	0.0	0.0	0.0	0.0	Bacteria	Proteobacteria	Gammaproteobacteria	Methylococcales	Methylococcaceae	Methylobacter
seq374	0.0	0.0	0.0	0.0	0.0	0.0	0.0046728971962616819	0.0	0.0	0.0	0.0	0.0	0.0	0.0	0.0	0.0	0.0	Bacteria	Proteobacteria	Gammaproteobacteria			
Bin 85	0.0027932960893854741	0.0	0.0	0.0037105751391465665	0.0059701492537313407	0.0099206349206349201	0.011834319526627217	0.0050251256281407036	0.0020242914979757077	0.00077041602465331292	0.0	0.0	0.0	0.0	0.0	0.0	0.0001342822613132805	Bacteria	Proteobacteria	Betaproteobacteria			
seq50	0.011428571428571429	0.020134228187919462	0.017699115044247787	0.0	0.015789473684210527	0.018181818181818181	0.060747663551401869	0.018181818181818181	0.0	0.026086956521739129	0.0	0.0	0.0	0.0	0.0	0.0	0.0	Bacteria	Proteobacteria	Betaproteobacteria	Rhodocyclales	Rhodocyclaceae	Thauera
Bin 37	0.0027932960893854741	0.0	0.0	0.0037105751391465665	0.0059701492537313407	0.013888888888888886	0.0059171597633136085	0.0075376884422110541	0.0040485829959514153	0.0015408320493066258	0.0015105740181268882	0.00098522167487684743	0.0008250825082508252	0.00091911764705882373	0.0	0.0	0.0001342822613132805	Bacteria	Proteobacteria	Betaproteobacteria	Burkholderiales		
seq326	0.0	0.0	0.0	0.0	0.0	0.0060606060606060606	0.0	0.0045454545454545452	0.0	0.0	0.0	0.0	0.0	0.0	0.0	0.0	0.0	Bacteria	Proteobacteria	Betaproteobacteria	Burkholderiales	Comamonadaceae	Comamonas
Bin 77	0.0027932960893854741	0.0	0.0	0.0018552875695732832	0.0	0.003968253968253968	0.0078895463510848113	0.0087939698492462293	0.0080971659919028306	0.0038520801232665644	0.0030211480362537764	0.0039408866995073897	0.0033003300330033008	0.0027573529411764708	0.00013204806549584047	0.00017427675148135239	0.0001342822613132805	Bacteria	Proteobacteria	Betaproteobacteria			
seq345	0.0	0.0	0.0	0.0	0.0	0.0	0.0093457943925233638	0.06363636363636363	0.045751633986928102	0.043478260869565216	0.038461538461538464	0.0086206896551724137	0.011904761904761904	0.05128205128205128	0.0	0.0	0.0	Bacteria	Proteobacteria	Betaproteobacteria	Methylophilales	Methylophilaceae	Methylophilus
Bin 30	0.0	0.0	0.0	0.0	0.0	0.0	0.0	0.0	0.0040485829959514153	0.015408320493066258	0.024169184290030211	0.020689655172413793	0.02227722772277228	0.020220588235294122	0.0	0.0	0.0	Bacteria	Proteobacteria				
seq535	0.0	0.0	0.0	0.0	0.0	0.0	0.0	0.0	0.0	0.0	0.01098901098901099	0.0086206896551724137	0.0	0.01282051282051282	0.0	0.0	0.0	Bacteria	Proteobacteria	Betaproteobacteria			
Bin 86	0.041899441340782106	0.072438162544169613	0.079432624113475195	0.0055658627087198497	0.0	0.0	0.0	0.0	0.0	0.0	0.0	0.0	0.0	0.0	0.0	0.0	0.0	Bacteria	Bacteroidetes				
seq146	0.0	0.0	0.0088495575221238937	0.0	0.0	0.0	0.0	0.0	0.0	0.0	0.0	0.0	0.0	0.0	0.0	0.0	0.0	Bacteria	Bacteroidetes	Sphingobacteriia	Sphingobacteriales	Chitinophagaceae	Taibaiella
seq159	0.0	0.0	0.0088495575221238937	0.0	0.0	0.0	0.0	0.0	0.0	0.0	0.0	0.0	0.0	0.0	0.0	0.0	0.0	Bacteria	Bacteroidetes	Flavobacteriia	Flavobacteriales	Flavobacteriaceae	
Bin 21	0.0027932960893854741	0.00176678445229682	0.0014184397163120571	0.031539888682745813	0.12238805970149247	0.067460317460317457	0.043392504930966462	0.032663316582914569	0.012145748987854244	0.0038520801232665644	0.0015105740181268882	0.00098522167487684743	0.0008250825082508252	0.00091911764705882373	0.0	0.0	0.0	Bacteria	Actinobacteria				
seq268	0.0	0.0	0.0	0.0	0.015789473684210527	0.012121212121212121	0.0093457943925233638	0.0	0.0	0.0	0.0	0.0	0.0	0.0	0.0	0.0	0.0	Bacteria	Actinobacteria	Actinobacteria	Acidimicrobiales	Acidimicrobiaceae	
Bin 54	0.0	0.0	0.0	0.0	0.0	0.0	0.0	0.0	0.0	0.014637904468412944	0.033232628398791542	0.040394088669950735	0.031353135313531358	0.025735294117647061	0.0	0.0	0.0	Bacteria					
seq466	0.0	0.0	0.0	0.0	0.0	0.0	0.0	0.0	0.0032679738562091504	0.0	0.0054945054945054949	0.017241379310344827	0.011904761904761904	0.0	0.0	0.0	0.0	Bacteria	Bacteroidetes				
Bin 1	0.0	0.0	0.0	0.0	0.0	0.0	0.0	0.0025125628140703518	0.032388663967611322	0.03543913713405239	0.043806646525679754	0.042364532019704429	0.04290429042904291	0.035845588235294122	0.0	0.0	0.0	Bacteria					
seq421	0.0	0.0	0.0	0.0	0.0	0.0	0.0	0.0	0.022875816993464051	0.017391304347826087	0.016483516483516484	0.017241379310344827	0.0	0.01282051282051282	0.0	0.0	0.0	Bacteria	Acidobacteria	Holophagae	Holophagales	Holophagaceae	Geothrix
Bin 6	0.0055865921787709482	0.00353356890459364	0.0042553191489361712	0.011131725417439699	0.059701492537313411	0.03968253968253968	0.049309664694280067	0.094221105527638183	0.060728744939271224	0.036209553158705707	0.016616314199395771	0.017733990147783252	0.013201320132013203	0.010110294117647061	0.0	0.0	0.0	Bacteria	Actinobacteria				
seq215	0.0	0.0	0.0	0.0065789473684210523	0.036842105263157891	0.0060606060606060606	0.014018691588785047	0.036363636363636362	0.0032679738562091504	0.0086956521739130436	0.0054945054945054949	0.0	0.011904761904761904	0.0	0.0	0.0	0.0	Bacteria	Actinobacteria	Actinobacteria	Actinomycetales		
Bin 40	0.0	0.0	0.0	0.0018552875695732832	0.092537313432835791	0.001984126984126984	0.0	0.0012562814070351759	0.0020242914979757077	0.00077041602465331292	0.0	0.0	0.0	0.0	0.0	0.0	0.00040284678393984143	Bacteria	Proteobacteria	Alphaproteobacteria	Rhodospirillales	Rhodospirillaceae	Magnetospirillum
seq247	0.0	0.0	0.0	0.0	0.005263157894736842	0.0	0.0	0.0	0.0	0.0	0.0	0.0	0.0	0.0	0.0	0.0	0.0	Bacteria	Proteobacteria	Alphaproteobacteria	Rhodospirillales	Rhodospirillaceae	Magnetospirillum
seq273	0.0	0.0	0.0	0.0	0.005263157894736842	0.0	0.0	0.0	0.0	0.0	0.0	0.0	0.0	0.0	0.0	0.0	0.0	Bacteria	Proteobacteria	Alphaproteobacteria	Rhodospirillales	Rhodospirillaceae	Magnetospirillum
seq285	0.0	0.0	0.0	0.0	0.005263157894736842	0.0	0.0	0.0	0.0	0.0	0.0	0.0	0.0	0.0	0.0	0.0	0.0	Bacteria	Proteobacteria	Alphaproteobacteria	Rhodospirillales	Rhodospirillaceae	Magnetospirillum
Bin 19	0.0	0.0	0.0	0.0	0.0089552238805970102	0.067460317460317457	0.14398422090729779	0.064070351758793956	0.0040485829959514153	0.0023112480739599386	0.0	0.00098522167487684743	0.0008250825082508252	0.0018382352941176475	0.0	0.0	0.0	Bacteria	Proteobacteria	Betaproteobacteria			
seq349	0.0	0.0	0.0	0.0	0.0	0.0	0.028037383177570093	0.0090909090909090905	0.0	0.0	0.0	0.0	0.0	0.0	0.0	0.0	0.0	Bacteria	Proteobacteria	Betaproteobacteria			
Bin 16	0.0	0.0	0.0	0.0	0.0	0.0	0.0	0.0	0.010121457489878537	0.014637904468412944	0.019637462235649546	0.019704433497536946	0.016501650165016504	0.01470588235294118	0.0	0.0	0.0	Bacteria					
seq459	0.0	0.0	0.0	0.0	0.0	0.0	0.0	0.0	0.0098039215686274508	0.0	0.01098901098901099	0.0086206896551724137	0.0	0.01282051282051282	0.0	0.0	0.0	Bacteria					
Bin 3	0.0	0.0	0.0	0.048237476808905361	0.0089552238805970102	0.001984126984126984	0.0039447731755424056	0.003768844221105527	0.0	0.0	0.0	0.0	0.0	0.0	0.0	0.0	0.0	Bacteria	Bacteroidetes				
seq182	0.0	0.0	0.0	0.013157894736842105	0.0	0.0	0.0046728971962616819	0.0	0.0	0.0	0.0	0.0	0.0	0.0	0.0	0.0	0.0	Bacteria	Bacteroidetes	Flavobacteriia	Flavobacteriales	Cryomorphaceae	
Bin 35	0.041899441340782106	0.072438162544169613	0.073758865248226974	0.0018552875695732832	0.0029850746268656704	0.001984126984126984	0.0019723865877712028	0.0012562814070351759	0.0	0.00077041602465331292	0.0	0.0	0.0	0.0	0.0	0.0	0.0	Bacteria	Bacteroidetes				
seq42	0.0057142857142857143	0.0	0.026548672566371681	0.0065789473684210523	0.0	0.0	0.0	0.0	0.0	0.0	0.0	0.0	0.0	0.0	0.0	0.0	0.0	Bacteria	Bacteroidetes	Sphingobacteriia	Sphingobacteriales	Chitinophagaceae	Terrimonas
Bin 24	0.025139664804469268	0.035335689045936397	0.041134751773049649	0.0018552875695732832	0.0	0.0	0.0	0.0	0.0	0.0	0.0	0.0	0.0	0.0	0.0	0.0	0.0	Bacteria	Proteobacteria	Betaproteobacteria	Burkholderiales		
seq137	0.0	0.0067114093959731542	0.0088495575221238937	0.0	0.0	0.0	0.0	0.0	0.0	0.0	0.0	0.0	0.0	0.0	0.0	0.0	0.0	Bacteria	Proteobacteria	Betaproteobacteria	Burkholderiales	Oxalobacteraceae	
Bin 9	0.022346368715083793	0.00176678445229682	0.0014184397163120571	0.0092764378478664162	0.0089552238805970102	0.059523809523809521	0.023668639053254434	0.0025125628140703518	0.0	0.00077041602465331292	0.0	0.00098522167487684743	0.0008250825082508252	0.00091911764705882373	0.0	0.0	0.0	Bacteria	Proteobacteria				
seq85	0.0057142857142857143	0.0	0.0	0.0	0.005263157894736842	0.018181818181818181	0.0	0.0	0.0	0.0	0.0	0.0	0.0	0.0	0.0	0.0	0.0	Bacteria	Proteobacteria	Gammaproteobacteria	Alteromonadales		
Bin 2	0.0	0.0	0.0	0.0	0.0	0.0	0.0	0.0012562814070351759	0.024291497975708488	0.0077041602465331288	0.0015105740181268882	0.0029556650246305416	0.0024752475247524753	0.0027573529411764708	0.0	0.0	0.0	Bacteria					
seq378	0.0	0.0	0.0	0.0	0.0	0.0	0.0	0.018181818181818181	0.045751633986928102	0.017391304347826087	0.0	0.0	0.0	0.0	0.0	0.0	0.0	Bacteria					
seq422	0.0	0.0	0.0	0.0	0.0	0.0	0.0	0.0	0.0032679738562091504	0.0	0.0	0.0	0.0	0.0	0.0	0.0	0.0	Bacteria	Proteobacteria	Betaproteobacteria			
seq424	0.0	0.0	0.0	0.0	0.0	0.0	0.0	0.0	0.0065359477124183009	0.0	0.0	0.0	0.0	0.0	0.0	0.0	0.0	Bacteria					
seq428	0.0	0.0	0.0	0.0	0.0	0.0	0.0	0.0	0.013071895424836602	0.0	0.0	0.0	0.0	0.0	0.0	0.0	0.0	Bacteria	Proteobacteria	Gammaproteobacteria	Methylococcales	Methylococcaceae	
seq431	0.0	0.0	0.0	0.0	0.0	0.0	0.0	0.0	0.0032679738562091504	0.0	0.0	0.0	0.0	0.0	0.0	0.0	0.0	Bacteria	Proteobacteria	Betaproteobacteria	Burkholderiales	Comamonadaceae	Rhodoferax
seq432	0.0	0.0	0.0	0.0	0.0	0.0	0.0	0.0	0.0032679738562091504	0.0	0.0	0.0	0.0	0.0	0.0	0.0	0.0	Bacteria	Verrucomicrobia	Opitutae			
seq433	0.0	0.0	0.0	0.0	0.0	0.0	0.0	0.0	0.0032679738562091504	0.0	0.0	0.0	0.0	0.0	0.0	0.0	0.0	Bacteria	Acidobacteria	Acidobacteria_Gp6	Gp6	Gp6	Gp6
seq434	0.0	0.0	0.0	0.0	0.0	0.0	0.0	0.0	0.0065359477124183009	0.0	0.0	0.0	0.0	0.0	0.0	0.0	0.0	Bacteria	Proteobacteria	Betaproteobacteria			
seq436	0.0	0.0	0.0	0.0	0.0	0.0	0.0	0.0	0.0098039215686274508	0.0	0.0	0.0	0.0	0.0	0.0	0.0	0.0	Bacteria	Proteobacteria				
seq437	0.0	0.0	0.0	0.0	0.0	0.0	0.0	0.0	0.0032679738562091504	0.0	0.0	0.0	0.0	0.0	0.0	0.0	0.0	Bacteria					
seq438	0.0	0.0	0.0	0.0	0.0	0.0	0.0	0.0	0.0032679738562091504	0.0	0.0	0.0	0.0	0.0	0.0	0.0	0.0	Bacteria					
seq439	0.0	0.0	0.0	0.0	0.0	0.0	0.0	0.0	0.0032679738562091504	0.0	0.0	0.0	0.0	0.0	0.0	0.0	0.0	Bacteria					
seq440	0.0	0.0	0.0	0.0	0.0	0.0	0.0	0.0	0.0032679738562091504	0.0	0.0	0.0	0.0	0.0	0.0	0.0	0.0	Bacteria	Proteobacteria				
seq443	0.0	0.0	0.0	0.0	0.0	0.0	0.0	0.0	0.0032679738562091504	0.0	0.0	0.0	0.0	0.0	0.0	0.0	0.0	Bacteria					
seq446	0.0	0.0	0.0	0.0	0.0	0.0	0.0	0.0	0.0032679738562091504	0.0	0.0	0.0	0.0	0.0	0.0	0.0	0.0	Bacteria	Verrucomicrobia	Subdivision3			
seq447	0.0	0.0	0.0	0.0	0.0	0.0	0.0	0.0	0.0032679738562091504	0.0	0.0	0.0	0.0	0.0	0.0	0.0	0.0	Bacteria	Proteobacteria	Alphaproteobacteria	Rhodospirillales	Acetobacteraceae	
seq448	0.0	0.0	0.0	0.0	0.0	0.0	0.0	0.0	0.0032679738562091504	0.0	0.0	0.0	0.0	0.0	0.0	0.0	0.0	Bacteria	Proteobacteria	Epsilonproteobacteria	Campylobacterales	Helicobacteraceae	Sulfurimonas
seq449	0.0	0.0	0.0	0.0	0.0	0.0	0.0	0.0	0.0032679738562091504	0.0	0.0	0.0	0.0	0.0	0.0	0.0	0.0	Bacteria	Proteobacteria	Gammaproteobacteria	Methylococcales	Methylococcaceae	Methylobacter
seq450	0.0	0.0	0.0	0.0	0.0	0.0	0.0	0.0	0.0032679738562091504	0.0	0.0	0.0	0.0	0.0	0.0	0.0	0.0	Bacteria	Proteobacteria	Betaproteobacteria	Methylophilales	Methylophilaceae	Methylophilus
seq451	0.0	0.0	0.0	0.0	0.0	0.0	0.0	0.0	0.0032679738562091504	0.0	0.0	0.0	0.0	0.0	0.0	0.0	0.0	Bacteria	Proteobacteria				
seq452	0.0	0.0	0.0	0.0	0.0	0.0	0.0	0.0	0.0032679738562091504	0.0	0.0	0.0	0.0	0.0	0.0	0.0	0.0	Bacteria	Proteobacteria	Betaproteobacteria	Methylophilales	Methylophilaceae	Methylophilus
seq454	0.0	0.0	0.0	0.0	0.0	0.0	0.0	0.0	0.0032679738562091504	0.0	0.0	0.0	0.0	0.0	0.0	0.0	0.0	Bacteria	Proteobacteria	Alphaproteobacteria	Rhodobacterales	Rhodobacteraceae	
seq456	0.0	0.0	0.0	0.0	0.0	0.0	0.0	0.0	0.0032679738562091504	0.0	0.0	0.0	0.0	0.0	0.0	0.0	0.0	Bacteria					
seq461	0.0	0.0	0.0	0.0	0.0	0.0	0.0	0.0	0.0032679738562091504	0.0	0.0	0.0	0.0	0.0	0.0	0.0	0.0	Bacteria					
seq462	0.0	0.0	0.0	0.0	0.0	0.0	0.0	0.0	0.0032679738562091504	0.0	0.0	0.0	0.0	0.0	0.0	0.0	0.0	Bacteria	Proteobacteria	Betaproteobacteria			
seq463	0.0	0.0	0.0	0.0	0.0	0.0	0.0	0.0	0.0032679738562091504	0.0	0.0	0.0	0.0	0.0	0.0	0.0	0.0	Bacteria	Proteobacteria	Betaproteobacteria	Burkholderiales		
seq465	0.0	0.0	0.0	0.0	0.0	0.0	0.0	0.0	0.0032679738562091504	0.0	0.0	0.0	0.0	0.0	0.0	0.0	0.0	Bacteria	Proteobacteria	Betaproteobacteria			
seq470	0.0	0.0	0.0	0.0	0.0	0.0	0.0	0.0	0.0032679738562091504	0.0	0.0	0.0	0.0	0.0	0.0	0.0	0.0	Bacteria	Proteobacteria	Betaproteobacteria	Rhodocyclales	Rhodocyclaceae	
seq472	0.0	0.0	0.0	0.0	0.0	0.0	0.0	0.0	0.0032679738562091504	0.0	0.0	0.0	0.0	0.0	0.0	0.0	0.0	Bacteria	Proteobacteria	Betaproteobacteria	Methylophilales	Methylophilaceae	Methylophilus
seq476	0.0	0.0	0.0	0.0	0.0	0.0	0.0	0.0	0.0032679738562091504	0.0	0.0	0.0	0.0	0.0	0.0	0.0	0.0	Bacteria	Proteobacteria	Betaproteobacteria			
seq479	0.0	0.0	0.0	0.0	0.0	0.0	0.0	0.0	0.0032679738562091504	0.0	0.0	0.0	0.0	0.0	0.0	0.0	0.0	Bacteria	Proteobacteria	Betaproteobacteria	Burkholderiales	Comamonadaceae	Rhodoferax
seq480	0.0	0.0	0.0	0.0	0.0	0.0	0.0	0.0	0.0032679738562091504	0.0	0.0	0.0	0.0	0.0	0.0	0.0	0.0	Bacteria					
seq481	0.0	0.0	0.0	0.0	0.0	0.0	0.0	0.0	0.0032679738562091504	0.0	0.0	0.0	0.0	0.0	0.0	0.0	0.0	Bacteria	Proteobacteria	Deltaproteobacteria	Myxococcales		
seq482	0.0	0.0	0.0	0.0	0.0	0.0	0.0	0.0	0.0032679738562091504	0.0	0.0	0.0	0.0	0.0	0.0	0.0	0.0	Bacteria					
seq485	0.0	0.0	0.0	0.0	0.0	0.0	0.0	0.0	0.0032679738562091504	0.0	0.0	0.0	0.0	0.0	0.0	0.0	0.0	Bacteria					
seq486	0.0	0.0	0.0	0.0	0.0	0.0	0.0	0.0	0.0032679738562091504	0.0	0.0	0.0	0.0	0.0	0.0	0.0	0.0	Bacteria	Proteobacteria	Deltaproteobacteria			
seq489	0.0	0.0	0.0	0.0	0.0	0.0	0.0	0.0	0.0032679738562091504	0.0	0.0	0.0	0.0	0.0	0.0	0.0	0.0	Bacteria	Proteobacteria	Epsilonproteobacteria	Campylobacterales	Helicobacteraceae	Sulfuricurvum
seq490	0.0	0.0	0.0	0.0	0.0	0.0	0.0	0.0	0.0032679738562091504	0.0	0.0	0.0	0.0	0.0	0.0	0.0	0.0	Bacteria	Firmicutes				
seq492	0.0	0.0	0.0	0.0	0.0	0.0	0.0	0.0	0.0032679738562091504	0.0	0.0	0.0	0.0	0.0	0.0	0.0	0.0	Bacteria	Proteobacteria	Betaproteobacteria			
Bin 11	0.019553072625698317	0.022968197879858661	0.018439716312056743	0.042671614100185509	0.023880597014925363	0.021825396825396824	0.017751479289940825	0.022613065326633163	0.010121457489878537	0.0077041602465331288	0.0045317220543806642	0.0049261083743842365	0.0041254125412541259	0.0036764705882352949	0.0	0.0	0.0	Bacteria					
seq53	0.017142857142857144	0.026845637583892617	0.0088495575221238937	0.013157894736842105	0.04736842105263158	0.024242424242424242	0.0093457943925233638	0.013636363636363636	0.0098039215686274508	0.0	0.0	0.0	0.0	0.0	0.0	0.0	0.0	Bacteria	Bacteroidetes	Sphingobacteriia	Sphingobacteriales	Chitinophagaceae	
Bin 50	0.0	0.0	0.0	0.0018552875695732832	0.014925373134328353	0.013888888888888886	0.0078895463510848113	0.0087939698492462293	0.0040485829959514153	0.0023112480739599386	0.0015105740181268882	0.00098522167487684743	0.0008250825082508252	0.00091911764705882373	0.0	0.0	0.0	Bacteria	Bacteroidetes				
seq283	0.0	0.0	0.0	0.0	0.005263157894736842	0.012121212121212121	0.014018691588785047	0.0090909090909090905	0.0032679738562091504	0.0	0.0	0.0	0.0	0.0	0.0	0.0	0.0	Bacteria	Bacteroidetes	Flavobacteriia	Flavobacteriales	Cryomorphaceae	Fluviicola
Bin 32	0.0	0.0	0.0	0.0	0.020895522388059692	0.025793650793650792	0.021696252465483231	0.003768844221105527	0.0	0.0	0.0	0.0	0.0	0.0	0.0	0.0	0.0	Bacteria	Bacteroidetes	Flavobacteriia	Flavobacteriales		
seq253	0.0	0.0	0.0	0.0	0.021052631578947368	0.0060606060606060606	0.02336448598130841	0.0	0.0	0.0	0.0	0.0	0.0	0.0	0.0	0.0	0.0	Bacteria	Bacteroidetes	Flavobacteriia	Flavobacteriales	Cryomorphaceae	Fluviicola
Bin 28	0.0	0.0	0.0014184397163120571	0.10760667903525042	0.011940298507462681	0.001984126984126984	0.0019723865877712028	0.0	0.0	0.0	0.0	0.0	0.0	0.0	0.0	0.0	0.0	Bacteria					
seq142	0.0	0.0067114093959731542	0.0	0.013157894736842105	0.0	0.0	0.0	0.0	0.0	0.0	0.0	0.0	0.0	0.0	0.0	0.0	0.0	Bacteria	Cyanobacteria/Chloroplast	Chloroplast	Chloroplast	Chloroplast	Chlorophyta
Bin 80	0.0	0.0	0.0014184397163120571	0.012987012987012981	0.047761194029850726	0.027777777777777773	0.023668639053254434	0.017587939698492459	0.0080971659919028306	0.0023112480739599386	0.0	0.0	0.0008250825082508252	0.0	0.0	0.0	0.0	Bacteria	Verrucomicrobia	Opitutae	Opitutales	Opitutaceae	
seq306	0.0	0.0	0.0	0.0	0.0	0.0060606060606060606	0.0046728971962616819	0.0	0.0	0.0	0.0	0.0	0.0	0.0	0.0	0.0	0.0	Bacteria	Verrucomicrobia	Opitutae	Opitutales	Opitutaceae	
Bin 44	0.0	0.0	0.0014184397163120571	0.061224489795918338	0.0029850746268656704	0.003968253968253968	0.0019723865877712028	0.0012562814070351759	0.0040485829959514153	0.0038520801232665644	0.0030211480362537764	0.0029556650246305416	0.0033003300330033008	0.0027573529411764708	0.0	0.0	0.0	Bacteria					
seq178	0.0	0.0	0.0	0.013157894736842105	0.0	0.0	0.0	0.0	0.0	0.0	0.0	0.0	0.0	0.0	0.0	0.0	0.0	Bacteria	Proteobacteria				
seq179	0.0	0.0	0.0	0.085526315789473686	0.005263157894736842	0.0	0.0	0.0	0.0	0.0	0.0	0.0	0.0	0.0	0.0	0.0	0.0	Bacteria	Proteobacteria				
seq180	0.0	0.0	0.0	0.0065789473684210523	0.0	0.0	0.0	0.0	0.0	0.0	0.0	0.0	0.0	0.0	0.0	0.0	0.0	Bacteria	Bacteroidetes	Flavobacteriia	Flavobacteriales	Flavobacteriaceae	
seq181	0.0	0.0	0.0	0.0065789473684210523	0.0	0.0	0.0	0.0	0.0	0.0	0.0	0.0	0.0	0.0	0.0	0.0	0.0	Bacteria					
seq183	0.0	0.0	0.0	0.0065789473684210523	0.0	0.0	0.0	0.0	0.0	0.0	0.0	0.0	0.0	0.0	0.0	0.0	0.0	Bacteria	Proteobacteria				
seq186	0.0	0.0	0.0	0.0065789473684210523	0.0	0.0	0.0	0.0	0.0	0.0	0.0	0.0	0.0	0.0	0.0	0.0	0.0	Bacteria	Actinobacteria	Actinobacteria	Actinomycetales		
seq187	0.0	0.0	0.0	0.0065789473684210523	0.0	0.0	0.0	0.0	0.0	0.0	0.0	0.0	0.0	0.0	0.0	0.0	0.0	Bacteria	Chlamydiae	Chlamydiia	Chlamydiales	Parachlamydiaceae	Parachlamydia
seq188	0.0	0.0	0.0	0.0065789473684210523	0.0	0.0	0.0	0.0	0.0	0.0	0.0	0.0	0.0	0.0	0.0	0.0	0.0	Bacteria					
seq189	0.0	0.0	0.0	0.078947368421052627	0.0	0.0	0.0	0.0090909090909090905	0.0032679738562091504	0.0	0.0054945054945054949	0.0	0.0	0.0	0.0	0.0	0.0	Bacteria	Proteobacteria	Betaproteobacteria	Rhodocyclales	Rhodocyclaceae	
seq190	0.0	0.0	0.0	0.013157894736842105	0.0	0.0	0.0	0.0	0.0	0.0	0.0	0.0	0.0	0.0	0.0	0.0	0.0	Bacteria					
seq194	0.0	0.0	0.0	0.0065789473684210523	0.0	0.0	0.0	0.0	0.0	0.0	0.0	0.0	0.0	0.0	0.0	0.0	0.0	Bacteria	Proteobacteria				
seq195	0.0	0.0	0.0	0.019736842105263157	0.0	0.0	0.0	0.0	0.0	0.0	0.0	0.0	0.0	0.0	0.0	0.0	0.0	Bacteria	Proteobacteria	Deltaproteobacteria	Desulfobacterales	Desulfobacteraceae	
seq196	0.0	0.0	0.0	0.013157894736842105	0.0	0.0	0.0	0.0	0.0	0.0	0.0	0.0	0.0	0.0	0.0	0.0	0.0	Bacteria					
seq197	0.0	0.0	0.0	0.0065789473684210523	0.0	0.0	0.0	0.0	0.0	0.0	0.0	0.0	0.0	0.0	0.0	0.0	0.0	Bacteria	Cyanobacteria/Chloroplast	Chloroplast	Chloroplast	Chloroplast	Bacillariophyta
seq198	0.0	0.0	0.0	0.0065789473684210523	0.0	0.0	0.0	0.0	0.0	0.0	0.0	0.0	0.0	0.0	0.0	0.0	0.0	Bacteria	Cyanobacteria/Chloroplast	Cyanobacteria	Family II	Family II	GpIIa
seq200	0.0	0.0	0.0	0.0065789473684210523	0.0	0.0	0.0	0.0	0.0	0.0	0.0	0.0	0.0	0.0	0.0	0.0	0.0	Bacteria	Proteobacteria	Gammaproteobacteria	Methylococcales	Methylococcaceae	Methylomonas
seq201	0.0	0.0	0.0	0.0065789473684210523	0.0	0.0	0.0	0.0	0.0	0.0	0.0	0.0	0.0	0.0	0.0	0.0	0.0	Bacteria	Actinobacteria	Actinobacteria	Actinomycetales		
seq202	0.0	0.0	0.0	0.013157894736842105	0.0	0.0	0.0	0.0	0.0	0.0	0.0	0.0	0.0	0.0	0.0	0.0	0.0	Bacteria	Actinobacteria	Actinobacteria	Acidimicrobiales		
seq204	0.0	0.0	0.0	0.0065789473684210523	0.0	0.0	0.0	0.0	0.0	0.0	0.0	0.0	0.0	0.0	0.0	0.0	0.0	Bacteria	Cyanobacteria/Chloroplast	Chloroplast	Chloroplast	Chloroplast	Bacillariophyta
seq205	0.0	0.0	0.0	0.0065789473684210523	0.0	0.0	0.0	0.0	0.0	0.0	0.0	0.0	0.0	0.0	0.0	0.0	0.0	Bacteria	Proteobacteria	Alphaproteobacteria	Rhodospirillales	Acetobacteraceae	Gluconacetobacter
seq206	0.0	0.0	0.0	0.0065789473684210523	0.0	0.0	0.0	0.0	0.0	0.0	0.0	0.0	0.0	0.0	0.0	0.0	0.0	Bacteria	Verrucomicrobia	Verrucomicrobiae	Verrucomicrobiales	Rubritaleaceae	Rubritalea
seq207	0.0	0.0	0.0	0.0065789473684210523	0.0	0.0	0.0	0.0	0.0	0.0	0.0	0.0	0.0	0.0	0.0	0.0	0.0	Bacteria	Bacteroidetes	Sphingobacteriia	Sphingobacteriales	Chitinophagaceae	Terrimonas
seq209	0.0	0.0	0.0	0.0065789473684210523	0.0	0.0	0.0	0.0	0.0	0.0	0.0	0.0	0.0	0.0	0.0	0.0	0.0	Bacteria	Bacteroidetes				
seq211	0.0	0.0	0.0	0.0065789473684210523	0.0	0.0	0.0	0.0	0.0	0.0	0.0	0.0	0.0	0.0	0.0	0.0	0.0	Bacteria					
seq212	0.0	0.0	0.0	0.0065789473684210523	0.0	0.0	0.0	0.0	0.0	0.0	0.0	0.0	0.0	0.0	0.0	0.0	0.0	Bacteria	Verrucomicrobia	Verrucomicrobiae	Verrucomicrobiales	Verrucomicrobiaceae	Prosthecobacter
seq213	0.0	0.0	0.0	0.0065789473684210523	0.0	0.0	0.0	0.0	0.0	0.0	0.0	0.0	0.0	0.0	0.0	0.0	0.0	Bacteria	Proteobacteria	Alphaproteobacteria			
seq214	0.0	0.0	0.0	0.0065789473684210523	0.0	0.0	0.0	0.0	0.0	0.0	0.0	0.0	0.0	0.0	0.0	0.0	0.0	Bacteria	Proteobacteria	Betaproteobacteria	Methylophilales	Methylophilaceae	Methylophilus
seq216	0.0	0.0	0.0	0.0065789473684210523	0.0	0.0	0.0	0.0	0.0	0.0	0.0	0.0	0.0	0.0	0.0	0.0	0.0	Bacteria	Actinobacteria	Actinobacteria	Actinomycetales		
seq217	0.0	0.0	0.0	0.0065789473684210523	0.0	0.0	0.0	0.0	0.0	0.0	0.0	0.0	0.0	0.0	0.0	0.0	0.0	Bacteria	Verrucomicrobia				
seq218	0.0	0.0	0.0	0.0065789473684210523	0.0	0.0	0.0	0.0	0.0	0.0	0.0	0.0	0.0	0.0	0.0	0.0	0.0	Bacteria	Bacteroidetes	Flavobacteriia	Flavobacteriales		
seq220	0.0	0.0	0.0	0.0065789473684210523	0.0	0.0	0.0	0.0	0.0	0.0	0.0	0.0	0.0	0.0	0.0	0.0	0.0	Bacteria	Proteobacteria	Betaproteobacteria			
seq221	0.0	0.0	0.0	0.0065789473684210523	0.0	0.0	0.0	0.0	0.0	0.0	0.0	0.0	0.0	0.0	0.0	0.0	0.0	Bacteria	Bacteroidetes	Flavobacteriia	Flavobacteriales	Cryomorphaceae	Lishizhenia
seq224	0.0	0.0	0.0	0.0065789473684210523	0.0	0.0	0.0	0.0	0.0	0.0	0.0	0.0	0.0	0.0	0.0	0.0	0.0	Bacteria	Verrucomicrobia	Subdivision3			
seq225	0.0	0.0	0.0	0.013157894736842105	0.0	0.0	0.0	0.0	0.0	0.0	0.0	0.0	0.0	0.0	0.0	0.0	0.0	Bacteria	Cyanobacteria/Chloroplast	Chloroplast	Chloroplast	Chloroplast	Bacillariophyta
seq226	0.0	0.0	0.0	0.0065789473684210523	0.0	0.0	0.0	0.0	0.0	0.0	0.0	0.0	0.0	0.0	0.0	0.0	0.0	Bacteria					
seq227	0.0	0.0	0.0	0.0065789473684210523	0.0	0.0	0.0	0.0	0.0	0.0	0.0	0.0	0.0	0.0	0.0	0.0	0.0	Bacteria					
seq229	0.0	0.0	0.0	0.0065789473684210523	0.0	0.0	0.0	0.0	0.0	0.0	0.0	0.0	0.0	0.0	0.0	0.0	0.0	Bacteria	Proteobacteria	Betaproteobacteria			
seq231	0.0	0.0	0.0	0.0065789473684210523	0.0	0.0	0.0	0.0	0.0	0.0	0.0	0.0	0.0	0.0	0.0	0.0	0.0	Bacteria					
seq232	0.0	0.0	0.0	0.0065789473684210523	0.0	0.0	0.0	0.0	0.0	0.0	0.0	0.0	0.0	0.0	0.0	0.0	0.0	Bacteria	Bacteroidetes	Sphingobacteriia	Sphingobacteriales	Saprospiraceae	Haliscomenobacter
seq233	0.0	0.0	0.0	0.0065789473684210523	0.0	0.0	0.0	0.0	0.0	0.0	0.0	0.0	0.0	0.0	0.0	0.0	0.0	Bacteria	Cyanobacteria/Chloroplast	Chloroplast	Chloroplast	Chloroplast	Chlorophyta
seq234	0.0	0.0	0.0	0.0065789473684210523	0.0	0.0	0.0	0.0	0.0	0.0	0.0	0.0	0.0	0.0	0.0	0.0	0.0	Bacteria	Proteobacteria	Gammaproteobacteria	Chromatiales		
seq235	0.0	0.0	0.0	0.0065789473684210523	0.0	0.0	0.0	0.0	0.0	0.0	0.0	0.0	0.0	0.0	0.0	0.0	0.0	Bacteria	Cyanobacteria/Chloroplast	Chloroplast	Chloroplast	Chloroplast	Chlorophyta
Bin 15	0.0027932960893854741	0.0	0.0	0.0037105751391465665	0.0	0.0	0.0	0.018844221105527637	0.048582995951416977	0.043143297380585519	0.039274924471299093	0.038423645320197042	0.037953795379537955	0.032169117647058827	0.0	0.0	0.0001342822613132805	Bacteria	Proteobacteria	Betaproteobacteria			
seq281	0.0	0.0	0.0	0.0	0.010526315789473684	0.0	0.0	0.018181818181818181	0.013071895424836602	0.0	0.01098901098901099	0.017241379310344827	0.011904761904761904	0.01282051282051282	0.0	0.0	0.0	Bacteria	Proteobacteria	Betaproteobacteria			
seq418	0.0	0.0	0.0	0.0	0.0	0.0	0.0	0.0045454545454545452	0.0065359477124183009	0.017391304347826087	0.01098901098901099	0.017241379310344827	0.0	0.0	0.0	0.0	0.0	Bacteria	Proteobacteria	Betaproteobacteria			
Bin 57	0.0	0.0	0.0	0.0	0.0	0.0	0.0	0.0075376884422110541	0.036437246963562736	0.033127889060092452	0.012084592145015106	0.009852216748768473	0.013201320132013203	0.013786764705882354	0.0	0.0	0.0	Bacteria					
seq460	0.0	0.0	0.0	0.0	0.0	0.0	0.0	0.0	0.016339869281045753	0.0086956521739130436	0.0	0.0	0.0	0.0	0.0	0.0	0.0	Bacteria	Verrucomicrobia	Spartobacteria			
Bin 17	0.0	0.0	0.0	0.0018552875695732832	0.0	0.013888888888888886	0.011834319526627217	0.0062814070351758788	0.0040485829959514153	0.0015408320493066258	0.0	0.00098522167487684743	0.0008250825082508252	0.00091911764705882373	0.0	0.0	0.0	Bacteria	Verrucomicrobia				
seq319	0.0	0.0	0.0	0.0	0.0	0.0060606060606060606	0.0046728971962616819	0.0	0.0	0.0	0.0	0.0	0.0	0.0	0.0	0.0	0.0	Bacteria	Verrucomicrobia	Opitutae	Puniceicoccales	Puniceicoccaceae	
Bin 42	0.0055865921787709482	0.00176678445229682	0.0028368794326241141	0.0092764378478664162	0.0059701492537313407	0.017857142857142856	0.017751479289940825	0.0062814070351758788	0.0020242914979757077	0.00077041602465331292	0.0	0.0	0.0	0.0	0.0	0.0	0.0	Bacteria					
seq260	0.0	0.0	0.0	0.0	0.005263157894736842	0.024242424242424242	0.02336448598130841	0.0090909090909090905	0.0032679738562091504	0.0	0.0	0.0	0.0	0.0	0.0	0.0	0.0	Bacteria	Bacteroidetes				
Bin 82	0.050279329608938536	0.25441696113074208	0.23404255319148942	0.007421150278293133	0.0059701492537313407	0.001984126984126984	0.0019723865877712028	0.0025125628140703518	0.0	0.00077041602465331292	0.0015105740181268882	0.0019704433497536949	0.0008250825082508252	0.00091911764705882373	0.0	0.0	0.0	Bacteria	Actinobacteria	Actinobacteria	Actinomycetales		
seq29	0.045714285714285714	0.13422818791946309	0.097345132743362831	0.046052631578947366	0.005263157894736842	0.0060606060606060606	0.0046728971962616819	0.0045454545454545452	0.0	0.0	0.0	0.0086206896551724137	0.0	0.01282051282051282	0.0	0.0	0.0	Bacteria	Actinobacteria	Actinobacteria	Actinomycetales		
Bin 84	0.0	0.0	0.0	0.0	0.0	0.0	0.0	0.0	0.0040485829959514153	0.01078582434514638	0.025679758308157098	0.027586206896551724	0.023102310231023104	0.021139705882352942	0.0	0.0	0.0	Bacteria					
seq563	0.0	0.0	0.0	0.0	0.0	0.0	0.0	0.0	0.0	0.0	0.0054945054945054949	0.0086206896551724137	0.0	0.0	0.0	0.0	0.0	Bacteria	Verrucomicrobia	Verrucomicrobiae	Verrucomicrobiales	Verrucomicrobiaceae	Luteolibacter
Bin 61	0.0	0.0	0.0	0.0	0.0029850746268656704	0.037698412698412689	0.017751479289940825	0.0012562814070351759	0.0	0.00077041602465331292	0.0015105740181268882	0.0029556650246305416	0.0016501650165016504	0.0018382352941176475	0.0	0.0	0.0	Bacteria					
seq309	0.0	0.0	0.0	0.0	0.0	0.012121212121212121	0.0046728971962616819	0.0	0.0	0.0	0.0	0.0	0.0	0.0	0.0	0.0	0.0	Bacteria	Verrucomicrobia	Opitutae	Puniceicoccales	Puniceicoccaceae	
seq317	0.0	0.0	0.0	0.0	0.0	0.012121212121212121	0.0046728971962616819	0.0	0.0	0.0	0.0	0.0	0.0	0.0	0.0	0.0	0.0	Bacteria	Bacteroidetes				
Bin 74	0.0	0.0	0.0	0.0	0.0	0.0	0.0	0.0	0.0	0.0030816640986132517	0.013595166163141994	0.019704433497536946	0.015676567656765679	0.01470588235294118	0.0014525287204542453	0.0015684907633321714	0.0	Bacteria					
seq549	0.0	0.0	0.0	0.0	0.0	0.0	0.0	0.0	0.0	0.0	0.0054945054945054949	0.017241379310344827	0.0	0.02564102564102564	0.0	0.0	0.0	Bacteria	Bacteroidetes				
seq593	0.0	0.0	0.0	0.0	0.0	0.0	0.0	0.0	0.0	0.0	0.0	0.017241379310344827	0.011904761904761904	0.0	0.0	0.0	0.0	Bacteria	Proteobacteria	Deltaproteobacteria	Desulfuromonadales	Geobacteraceae	Geobacter
Bin 36	0.0	0.0	0.0	0.0	0.0	0.0	0.0	0.0025125628140703518	0.020242914979757075	0.044684129429892146	0.046827794561933533	0.047290640394088666	0.043729372937293731	0.036764705882352949	0.0	0.0	0.0	Bacteria					
seq394	0.0	0.0	0.0	0.0	0.0	0.0	0.0	0.0045454545454545452	0.0	0.0086956521739130436	0.0054945054945054949	0.017241379310344827	0.023809523809523808	0.0	0.0	0.0	0.0	Bacteria	Proteobacteria	Betaproteobacteria			
Bin 45	0.039106145251396635	0.022968197879858661	0.021276595744680854	0.0037105751391465665	0.0059701492537313407	0.0059523809523809512	0.0078895463510848113	0.0062814070351758788	0.0020242914979757077	0.0046224961479198771	0.0060422960725075529	0.0068965517241379309	0.0049504950495049506	0.0045955882352941187	0.0	0.0	0.0	Bacteria	Actinobacteria	Actinobacteria	Actinomycetales		
seq32	0.022857142857142857	0.046979865771812082	0.061946902654867256	0.013157894736842105	0.005263157894736842	0.012121212121212121	0.014018691588785047	0.0	0.0032679738562091504	0.0086956521739130436	0.0	0.017241379310344827	0.0	0.0	0.0	0.0	0.0	Bacteria	Actinobacteria	Actinobacteria	Actinomycetales		
seq58	0.011428571428571429	0.013422818791946308	0.017699115044247787	0.0065789473684210523	0.005263157894736842	0.0	0.0	0.0	0.0	0.0	0.0054945054945054949	0.0	0.0	0.01282051282051282	0.0	0.0	0.0	Bacteria	Actinobacteria	Actinobacteria	Actinomycetales		
Bin 68	0.0	0.0	0.0	0.0	0.0	0.0	0.0	0.0	0.0	0.0015408320493066258	0.018126888217522657	0.018719211822660099	0.02227722772277228	0.032169117647058827	0.0	0.0	0.0	Bacteria					
seq525	0.0	0.0	0.0	0.0	0.0	0.0	0.0	0.0	0.0	0.0	0.049450549450549448	0.017241379310344827	0.047619047619047616	0.12820512820512819	0.0	0.0	0.0	Bacteria					
Bin 47	0.0	0.0	0.0	0.0	0.0	0.0	0.0	0.0012562814070351759	0.012145748987854244	0.012326656394453007	0.0030211480362537764	0.0029556650246305416	0.0033003300330033008	0.0027573529411764708	0.0	0.0	0.0	Bacteria					
seq471	0.0	0.0	0.0	0.0	0.0	0.0	0.0	0.0	0.0065359477124183009	0.0086956521739130436	0.0	0.0	0.0	0.0	0.0	0.0	0.0	Bacteria	Proteobacteria	Deltaproteobacteria	Myxococcales		
Bin 64	0.0	0.0	0.0	0.0	0.0	0.0	0.0	0.0	0.0020242914979757077	0.020801232665639449	0.066465256797583083	0.063054187192118236	0.10478547854785479	0.13786764705882354	0.0	0.0	0.0	Bacteria					
seq534	0.0	0.0	0.0	0.0	0.0	0.0	0.0	0.0	0.0	0.0	0.0054945054945054949	0.0	0.011904761904761904	0.01282051282051282	0.0	0.0	0.0	Bacteria	Parcubacteria				
Bin 55	0.0	0.0	0.0	0.0	0.0	0.015873015873015872	0.013806706114398418	0.003768844221105527	0.0	0.0	0.0	0.0	0.0	0.0	0.0	0.0	0.0	Bacteria					
seq300	0.0	0.0	0.0	0.0	0.0	0.0060606060606060606	0.0046728971962616819	0.0	0.0	0.0	0.0	0.0	0.0	0.0	0.0	0.0	0.0	Bacteria	Planctomycetes	Planctomycetia	Planctomycetales	Planctomycetaceae	Isosphaera
seq301	0.0	0.0	0.0	0.0	0.0	0.0060606060606060606	0.0046728971962616819	0.0	0.0	0.0	0.0	0.0	0.0	0.0	0.0	0.0	0.0	Bacteria	Bacteroidetes	Flavobacteriia	Flavobacteriales	Flavobacteriaceae	Flavobacterium
seq316	0.0	0.0	0.0	0.0	0.0	0.0060606060606060606	0.0046728971962616819	0.0	0.0	0.0	0.0	0.0	0.0	0.0	0.0	0.0	0.0	Bacteria	Bacteroidetes				
seq325	0.0	0.0	0.0	0.0	0.0	0.0060606060606060606	0.0046728971962616819	0.0	0.0	0.0	0.0	0.0	0.0	0.0	0.0	0.0	0.0	Bacteria	Bacteroidetes	Flavobacteriia	Flavobacteriales	Cryomorphaceae	Fluviicola
Bin 67	0.0	0.0	0.0	0.0	0.0	0.0	0.0	0.0	0.0040485829959514153	0.0069337442218798161	0.018126888217522657	0.019704433497536946	0.017326732673267328	0.015625000000000003	0.0	0.0	0.0	Bacteria					
seq573	0.0	0.0	0.0	0.0	0.0	0.0	0.0	0.0	0.0	0.0	0.0	0.0086206896551724137	0.023809523809523808	0.01282051282051282	0.0	0.0	0.0	Bacteria	Proteobacteria	Deltaproteobacteria			
Bin 39	0.0	0.0	0.0	0.0	0.0	0.0	0.0	0.0	0.024291497975708488	0.064714946070878285	0.072507552870090627	0.062068965517241378	0.051980198019801985	0.046875000000000007	0.0	0.0	0.0	Bacteria					
seq346	0.0	0.0	0.0	0.0	0.0	0.0	0.0093457943925233638	0.0090909090909090905	0.0032679738562091504	0.0086956521739130436	0.01098901098901099	0.017241379310344827	0.0	0.01282051282051282	0.0	0.0	0.0	Bacteria	Proteobacteria	Betaproteobacteria			
Bin 59	0.0027932960893854741	0.0	0.0	0.0	0.0	0.0	0.0	0.018844221105527637	0.12955465587044529	0.20184899845916798	0.14954682779456194	0.12906403940886699	0.13448844884488451	0.11488970588235296	0.00033012016373960119	0.00034855350296270478	0.000268564522626561	Bacteria					
seq425	0.0	0.0	0.0	0.0	0.0	0.0	0.0	0.0	0.0098039215686274508	0.034782608695652174	0.016483516483516484	0.0086206896551724137	0.0	0.0	0.0	0.0	0.0	Bacteria	Proteobacteria	Betaproteobacteria			
Bin 71	0.0027932960893854741	0.0	0.0	0.0018552875695732832	0.0	0.0	0.0059171597633136085	0.027638190954773868	0.012145748987854244	0.0069337442218798161	0.0090634441087613284	0.0078817733990147795	0.0074257425742574263	0.0055147058823529415	0.0	0.0	0.0	Bacteria	Proteobacteria	Betaproteobacteria			
seq402	0.0	0.0	0.0	0.0	0.0	0.0	0.0	0.0090909090909090905	0.0032679738562091504	0.0	0.0	0.0	0.0	0.0	0.0	0.0	0.0	Bacteria	Proteobacteria	Betaproteobacteria			
Bin 34	0.0	0.0	0.0	0.0	0.0	0.0	0.0	0.0	0.0	0.036209553158705707	0.010574018126888216	0.010837438423645322	0.0099009900990099011	0.0091911764705882373	0.0	0.0	0.0	Bacteria	Proteobacteria				
seq400	0.0	0.0	0.0	0.0	0.0	0.0	0.0	0.0045454545454545452	0.0098039215686274508	0.034782608695652174	0.0	0.017241379310344827	0.0	0.01282051282051282	0.0	0.0	0.0	Bacteria	Proteobacteria	Betaproteobacteria	Rhodocyclales	Rhodocyclaceae	
Bin 5	0.0	0.0	0.0014184397163120571	0.0037105751391465665	0.011940298507462681	0.017857142857142856	0.013806706114398418	0.003768844221105527	0.0040485829959514153	0.00077041602465331292	0.0	0.0	0.0	0.0	0.0	0.0	0.0	Bacteria					
seq251	0.0	0.0	0.0	0.0	0.005263157894736842	0.0060606060606060606	0.0093457943925233638	0.0	0.0	0.0	0.0	0.0	0.0	0.0	0.0	0.0	0.0	Bacteria	Verrucomicrobia	Opitutae	Puniceicoccales	Puniceicoccaceae	
Bin 75	0.016759776536312842	0.038869257950530041	0.039716312056737597	0.012987012987012981	0.041791044776119383	0.023809523809523805	0.011834319526627217	0.003768844221105527	0.0	0.00077041602465331292	0.0	0.0	0.0008250825082508252	0.00091911764705882373	0.0	0.0	0.0	Bacteria					
seq13	0.034285714285714287	0.080536912751677847	0.088495575221238937	0.026315789473684209	0.036842105263157891	0.060606060606060608	0.037383177570093455	0.022727272727272728	0.019607843137254902	0.0	0.0054945054945054949	0.0	0.0	0.0	0.0	0.0	0.0	Bacteria	Actinobacteria	Actinobacteria	Actinomycetales	Geodermatophilaceae	Blastococcus
Bin 23	0.089385474860335171	0.00353356890459364	0.0042553191489361712	0.0055658627087198497	0.014925373134328353	0.17063492063492061	0.15976331360946741	0.051507537688442198	0.0020242914979757077	0.0015408320493066258	0.0030211480362537764	0.0019704433497536949	0.0033003300330033008	0.0036764705882352949	0.0	0.0	0.0	Bacteria					
seq34	0.034285714285714287	0.0	0.0	0.0	0.0	0.042424242424242427	0.056074766355140186	0.031818181818181815	0.0032679738562091504	0.0086956521739130436	0.0	0.0	0.0	0.0	0.0	0.0	0.0	Bacteria	Verrucomicrobia	Opitutae			
Bin 20	0.19832402234636864	0.010600706713780919	0.0085106382978723423	0.0018552875695732832	0.0	0.0	0.0	0.0	0.0	0.0	0.0	0.0	0.0	0.0	0.0	0.0	0.0	Bacteria					
seq12	0.0057142857142857143	0.0	0.0	0.0	0.0	0.0	0.0	0.0	0.0	0.0	0.0	0.0	0.0	0.0	0.0	0.0	0.0	Bacteria	Actinobacteria	Actinobacteria	Actinomycetales	Sporichthyaceae	Sporichthya
seq16	0.0057142857142857143	0.0	0.0	0.0	0.0	0.0	0.0	0.0	0.0	0.0	0.0	0.0	0.0	0.0	0.0	0.0	0.0	Bacteria					
seq17	0.0057142857142857143	0.0	0.0	0.0	0.0	0.0	0.0	0.0	0.0	0.0	0.0	0.0	0.0	0.0	0.0	0.0	0.0	Bacteria	Bacteroidetes	Sphingobacteriia	Sphingobacteriales	Chitinophagaceae	Parasegetibacter
seq19	0.017142857142857144	0.0	0.0	0.0	0.0	0.0	0.0	0.0	0.0	0.0	0.0	0.0	0.0	0.0	0.0	0.0	0.0	Bacteria	Bacteroidetes	Sphingobacteriia	Sphingobacteriales	Chitinophagaceae	Parasegetibacter
seq20	0.011428571428571429	0.0	0.0	0.0	0.0	0.0	0.0	0.0	0.0	0.0	0.0	0.0	0.0	0.0	0.0	0.0	0.0	Bacteria	Bacteroidetes	Flavobacteriia	Flavobacteriales	Flavobacteriaceae	Flavobacterium
seq21	0.0057142857142857143	0.0	0.0	0.0	0.0	0.0	0.0	0.0	0.0	0.0	0.0	0.0	0.0	0.0	0.0	0.0	0.0	Bacteria	Proteobacteria	Betaproteobacteria	Burkholderiales	Burkholderiaceae	Polynucleobacter
seq22	0.017142857142857144	0.0	0.0	0.0	0.0	0.0	0.0	0.0	0.0	0.0	0.0	0.0	0.0	0.0	0.0	0.0	0.0	Bacteria	Proteobacteria	Betaproteobacteria	Burkholderiales	Comamonadaceae	
seq23	0.0057142857142857143	0.0	0.0	0.0	0.0	0.0	0.0	0.0	0.0	0.0	0.0	0.0	0.0	0.0	0.0	0.0	0.0	Bacteria					
seq25	0.0057142857142857143	0.0	0.0	0.0	0.0	0.0	0.0	0.0	0.0	0.0	0.0	0.0	0.0	0.0	0.0	0.0	0.0	Bacteria					
seq3	0.011428571428571429	0.0	0.0	0.0	0.0	0.0	0.0	0.0	0.0	0.0	0.0	0.0	0.0	0.0	0.0	0.0	0.0	Bacteria	Cyanobacteria/Chloroplast	Chloroplast	Chloroplast	Chloroplast	Cryptomonadaceae
seq31	0.011428571428571429	0.0	0.0	0.0	0.0	0.0	0.0	0.0	0.0	0.0	0.0	0.0	0.0	0.0	0.0	0.0	0.0	Bacteria	Proteobacteria	Epsilonproteobacteria	Campylobacterales	Campylobacteraceae	Arcobacter
seq33	0.017142857142857144	0.0	0.0	0.0	0.0	0.0	0.0	0.0	0.0	0.0	0.0	0.0	0.0	0.0	0.0	0.0	0.0	Bacteria	Cyanobacteria/Chloroplast	Chloroplast	Chloroplast	Chloroplast	Cryptomonadaceae
seq36	0.022857142857142857	0.0	0.0	0.0	0.0	0.0	0.0	0.0	0.0	0.0	0.0	0.0	0.0	0.0	0.0	0.0	0.0	Bacteria	Cyanobacteria/Chloroplast	Cyanobacteria	Family I	Family I	GpI
seq37	0.0057142857142857143	0.0	0.0	0.0	0.0	0.0	0.0	0.0	0.0	0.0	0.0	0.0	0.0	0.0	0.0	0.0	0.0	Bacteria					
seq38	0.0057142857142857143	0.0	0.0	0.0	0.0	0.0	0.0	0.0	0.0	0.0	0.0	0.0	0.0	0.0	0.0	0.0	0.0	Bacteria	Cyanobacteria/Chloroplast	Chloroplast	Chloroplast	Chloroplast	Cryptomonadaceae
seq39	0.0057142857142857143	0.0	0.0	0.0	0.0	0.0	0.0	0.0	0.0	0.0	0.0	0.0	0.0	0.0	0.0	0.0	0.0	Bacteria	Proteobacteria				
seq4	0.0057142857142857143	0.0	0.0	0.0	0.0	0.0	0.0	0.0	0.0	0.0	0.0	0.0	0.0	0.0	0.0	0.0	0.0	Bacteria	Cyanobacteria/Chloroplast	Chloroplast	Chloroplast	Chloroplast	Chlorophyta
seq41	0.022857142857142857	0.0	0.0	0.0	0.0	0.0	0.0	0.0	0.0	0.0	0.0	0.0	0.0	0.0	0.0	0.0	0.0	Bacteria	Proteobacteria	Betaproteobacteria			
seq43	0.0057142857142857143	0.0	0.0	0.0	0.0	0.0	0.0	0.0	0.0	0.0	0.0	0.0	0.0	0.0	0.0	0.0	0.0	Bacteria	Proteobacteria	Gammaproteobacteria	Methylococcales	Methylococcaceae	
seq44	0.0057142857142857143	0.0	0.0	0.0	0.0	0.0	0.0	0.0	0.0	0.0	0.0	0.0	0.0	0.0	0.0	0.0	0.0	Bacteria	Proteobacteria	Betaproteobacteria	Burkholderiales		
seq47	0.0057142857142857143	0.0	0.0	0.0	0.0	0.0	0.0	0.0	0.0	0.0	0.0	0.0	0.0	0.0	0.0	0.0	0.0	Bacteria	Cyanobacteria/Chloroplast	Chloroplast	Chloroplast	Chloroplast	Bacillariophyta
seq48	0.011428571428571429	0.0	0.0	0.0	0.0	0.0	0.0	0.0	0.0	0.0	0.0	0.0	0.0	0.0	0.0	0.0	0.0	Bacteria					
seq49	0.0057142857142857143	0.0	0.0	0.0	0.0	0.0	0.0	0.0	0.0	0.0	0.0	0.0	0.0	0.0	0.0	0.0	0.0	Bacteria	Proteobacteria	Betaproteobacteria			
seq52	0.011428571428571429	0.0	0.0	0.0	0.0	0.0	0.0	0.0	0.0	0.0	0.0	0.0	0.0	0.0	0.0	0.0	0.0	Bacteria	Proteobacteria				
seq55	0.0057142857142857143	0.0	0.0	0.0	0.0	0.0	0.0	0.0	0.0	0.0	0.0	0.0	0.0	0.0	0.0	0.0	0.0	Bacteria					
seq57	0.0057142857142857143	0.0	0.0	0.0	0.0	0.0	0.0	0.0	0.0	0.0	0.0	0.0	0.0	0.0	0.0	0.0	0.0	Bacteria					
seq59	0.017142857142857144	0.0	0.0	0.0	0.0	0.0	0.0	0.0	0.0	0.0	0.0	0.0	0.0	0.0	0.0	0.0	0.0	Bacteria	Cyanobacteria/Chloroplast	Cyanobacteria	Family II	Family II	GpIIa
seq6	0.017142857142857144	0.0	0.0	0.0	0.0	0.0	0.0	0.0	0.0	0.0	0.0	0.0	0.0	0.0	0.0	0.0	0.0	Bacteria	Verrucomicrobia	Spartobacteria			
seq62	0.011428571428571429	0.0	0.0	0.0	0.0	0.0	0.0	0.0	0.0	0.0	0.0	0.0	0.0	0.0	0.0	0.0	0.0	Bacteria	Bacteroidetes	Sphingobacteriia	Sphingobacteriales	Chitinophagaceae	
seq64	0.0057142857142857143	0.0	0.0	0.0	0.0	0.0	0.0	0.0	0.0	0.0	0.0	0.0	0.0	0.0	0.0	0.0	0.0	Bacteria	Actinobacteria	Actinobacteria	Acidimicrobiales		
seq66	0.0057142857142857143	0.0	0.0	0.0	0.0	0.0	0.0	0.0	0.0	0.0	0.0	0.0	0.0	0.0	0.0	0.0	0.0	Bacteria	Proteobacteria	Betaproteobacteria	Burkholderiales	Comamonadaceae	Comamonas
seq67	0.0057142857142857143	0.0	0.0	0.0	0.0	0.0	0.0	0.0	0.0	0.0	0.0	0.0	0.0	0.0	0.0	0.0	0.0	Bacteria	Bacteroidetes	Flavobacteriia	Flavobacteriales		
seq69	0.0057142857142857143	0.0	0.0	0.0	0.0	0.0	0.0	0.0	0.0	0.0	0.0	0.0	0.0	0.0	0.0	0.0	0.0	Bacteria	Proteobacteria				
seq71	0.0057142857142857143	0.0	0.0	0.0	0.0	0.0	0.0	0.0	0.0	0.0	0.0	0.0	0.0	0.0	0.0	0.0	0.0	Bacteria	Cyanobacteria/Chloroplast	Cyanobacteria	Family II	Family II	GpIIa
seq72	0.0057142857142857143	0.0	0.0	0.0	0.0	0.0	0.0	0.0	0.0	0.0	0.0	0.0	0.0	0.0	0.0	0.0	0.0	Bacteria	Cyanobacteria/Chloroplast	Cyanobacteria	Family II	Family II	GpIIa
seq73	0.0057142857142857143	0.0	0.0	0.0	0.0	0.0	0.0	0.0	0.0	0.0	0.0	0.0	0.0	0.0	0.0	0.0	0.0	Bacteria	Proteobacteria	Deltaproteobacteria	Myxococcales		
seq74	0.011428571428571429	0.0	0.0	0.0	0.0	0.0	0.0	0.0	0.0	0.0	0.0	0.0	0.0	0.0	0.0	0.0	0.0	Bacteria	Proteobacteria	Gammaproteobacteria	Xanthomonadales	Xanthomonadaceae	
seq75	0.0057142857142857143	0.0	0.0	0.0	0.0	0.0	0.0	0.0	0.0	0.0	0.0	0.0	0.0	0.0	0.0	0.0	0.0	Bacteria	Proteobacteria	Deltaproteobacteria			
seq77	0.0057142857142857143	0.0	0.0	0.0	0.0	0.0	0.0	0.0	0.0	0.0	0.0	0.0	0.0	0.0	0.0	0.0	0.0	Bacteria	Proteobacteria	Gammaproteobacteria			
seq78	0.0057142857142857143	0.0	0.0	0.0	0.0	0.0	0.0	0.0	0.0	0.0	0.0	0.0	0.0	0.0	0.0	0.0	0.0	Bacteria					
seq79	0.0057142857142857143	0.0	0.0	0.0	0.0	0.0	0.0	0.0	0.0	0.0	0.0	0.0	0.0	0.0	0.0	0.0	0.0	Bacteria	Actinobacteria	Actinobacteria	Actinomycetales	Geodermatophilaceae	Blastococcus
seq81	0.0057142857142857143	0.0	0.0	0.0	0.0	0.0	0.0	0.0	0.0	0.0	0.0	0.0	0.0	0.0	0.0	0.0	0.0	Bacteria	Proteobacteria	Betaproteobacteria			
seq82	0.0057142857142857143	0.0	0.0	0.0	0.0	0.0	0.0	0.0	0.0	0.0	0.0	0.0	0.0	0.0	0.0	0.0	0.0	Bacteria	Proteobacteria	Gammaproteobacteria	Methylococcales	Methylococcaceae	Methyloparacoccus
seq83	0.0057142857142857143	0.0	0.0	0.0	0.0	0.0	0.0	0.0	0.0	0.0	0.0	0.0	0.0	0.0	0.0	0.0	0.0	Bacteria	Cyanobacteria/Chloroplast	Chloroplast	Chloroplast	Chloroplast	Bacillariophyta
seq86	0.0057142857142857143	0.0	0.0	0.0	0.0	0.0	0.0	0.0	0.0	0.0	0.0	0.0	0.0	0.0	0.0	0.0	0.0	Bacteria	Proteobacteria	Betaproteobacteria	Burkholderiales		
seq87	0.0057142857142857143	0.0	0.0	0.0	0.0	0.0	0.0	0.0	0.0	0.0	0.0	0.0	0.0	0.0	0.0	0.0	0.0	Bacteria	Verrucomicrobia	Opitutae	Opitutales	Opitutaceae	
seq88	0.0057142857142857143	0.0	0.0	0.0	0.0	0.0	0.0	0.0	0.0	0.0	0.0	0.0	0.0	0.0	0.0	0.0	0.0	Bacteria	Bacteroidetes	Flavobacteriia	Flavobacteriales	Flavobacteriaceae	
seq89	0.0057142857142857143	0.0	0.0	0.0	0.0	0.0	0.0	0.0	0.0	0.0	0.0	0.0	0.0	0.0	0.0	0.0	0.0	Bacteria	Actinobacteria	Actinobacteria	Actinomycetales	Microbacteriaceae	Cryobacterium
seq9	0.0057142857142857143	0.0	0.0	0.0	0.0	0.0	0.0	0.0	0.0	0.0	0.0	0.0	0.0	0.0	0.0	0.0	0.0	Bacteria	Bacteroidetes				
seq90	0.0057142857142857143	0.0	0.0	0.0	0.0	0.0	0.0	0.0	0.0	0.0	0.0	0.0	0.0	0.0	0.0	0.0	0.0	Bacteria	Cyanobacteria/Chloroplast	Chloroplast	Chloroplast	Chloroplast	
seq92	0.0057142857142857143	0.0	0.0	0.0	0.0	0.0	0.0	0.0	0.0	0.0	0.0	0.0	0.0	0.0	0.0	0.0	0.0	Bacteria	Proteobacteria	Betaproteobacteria	Burkholderiales	Comamonadaceae	Acidovorax
Bin 12	0.0	0.0	0.0	0.0	0.0	0.0	0.0039447731755424056	0.050251256281407031	0.066801619433198345	0.018489984591679508	0.0030211480362537764	0.0029556650246305416	0.0016501650165016504	0.0018382352941176475	0.0	0.0	0.0	Bacteria	Bacteroidetes				
seq410	0.0	0.0	0.0	0.0	0.0	0.0	0.0	0.0045454545454545452	0.0	0.0	0.0	0.0	0.0	0.0	0.0	0.0	0.0	Bacteria	Bacteroidetes	Sphingobacteriia	Sphingobacteriales	Chitinophagaceae	Sediminibacterium
seq411	0.0	0.0	0.0	0.0	0.0	0.0	0.0	0.0045454545454545452	0.0	0.0	0.0	0.0	0.0	0.0	0.0	0.0	0.0	Bacteria	Bacteroidetes				
Bin 31	0.0	0.0	0.0	0.0018552875695732832	0.011940298507462681	0.053571428571428568	0.049309664694280067	0.011306532663316582	0.0020242914979757077	0.00077041602465331292	0.0	0.0	0.0008250825082508252	0.00091911764705882373	0.0	0.0	0.0	Bacteria					
seq117	0.0	0.0067114093959731542	0.0	0.0	0.005263157894736842	0.024242424242424242	0.014018691588785047	0.0045454545454545452	0.0	0.0	0.0	0.0	0.0	0.0	0.0	0.0	0.0	Bacteria	Cyanobacteria/Chloroplast	Chloroplast	Chloroplast	Chloroplast	Cryptomonadaceae
Bin 22	0.0	0.0	0.0014184397163120571	0.044526901669758798	0.014925373134328353	0.0059523809523809512	0.0019723865877712028	0.0	0.0	0.0	0.0	0.0	0.0	0.0	0.0	0.0	0.0	Bacteria					
seq184	0.0	0.0	0.0	0.039473684210526314	0.005263157894736842	0.0	0.0	0.0	0.0	0.0	0.0	0.0	0.0	0.0	0.0	0.0	0.0	Bacteria	Bacteroidetes				
